-- Run this in Supabase SQL Editor to replace Fleet & Equipment with the PDF asset master.
alter table assets
  add column if not exists general_type text,
  add column if not exists old_qr_code text,
  add column if not exists last_update_date date,
  add column if not exists qr_printed_tagged text;
begin;
update work_orders set asset_id = null where asset_id is not null;
update rentals set item_id = null where item_type = 'Asset';
delete from assets;
delete from asset_locations;
delete from asset_types;
insert into asset_types (name) values
  ('Attachment'),
  ('Backhoe'),
  ('Box Truck'),
  ('Compactor'),
  ('Crushing Machinery'),
  ('Dozer'),
  ('Dump Truck'),
  ('Earth Moving'),
  ('Equipment'),
  ('Excavator'),
  ('Forestry &LandscapingEquipment'),
  ('Forklift'),
  ('Fuel Truck'),
  ('Gas Truck'),
  ('Generator'),
  ('Grapple Truck'),
  ('Heavy Equipment'),
  ('Light Tower'),
  ('Load Transport'),
  ('Loader Backhoe'),
  ('Lowboy Trailer'),
  ('Material Handling'),
  ('Mini Dump'),
  ('Mini Excavator'),
  ('Roll Off Truck'),
  ('Roller'),
  ('Roller Compactor'),
  ('Sidelifter'),
  ('Silt Sock Machine'),
  ('Skid Steer'),
  ('Stake Truck'),
  ('Track-mountedhorizontal grinder'),
  ('Tractor Truck'),
  ('Trailer'),
  ('Truck'),
  ('Vacuum Truck'),
  ('Vehicle'),
  ('Wheeled Loader'),
  ('Wood Chipper');
insert into asset_locations (name) values
  ('Barrigadahousing'),
  ('Big Navy'),
  ('DZSP'),
  ('Harmonwarehouse'),
  ('Hilton'),
  ('ISLAND CERT'),
  ('J313'),
  ('Job Site'),
  ('LMS - AndersenHousing Phase7&8'),
  ('LMS - AndersenHousingReplacement 7 &8'),
  ('LMS - ECC -P-103 WaterWell Field'),
  ('LMS - GWM'),
  ('LMS - Hyatt'),
  ('LMS - Mall Lot'),
  ('LMS - Mall Lot[10]'),
  ('LMS - Mall Lot[11]'),
  ('LMS - Nursery'),
  ('LMS - P-870'),
  ('LMS - PIPWarehouse Lot16'),
  ('LMS - PitiGreenwaste'),
  ('LMS - UOGGenerator'),
  ('LMS - UXO:Replace Cable101'),
  ('Lms- HP J-33'),
  ('Main'),
  ('NIMITZ'),
  ('P-306'),
  ('P325, Camp Blaz'),
  ('PFM - AganaBoat Basin'),
  ('PFM - Facilities'),
  ('PFM - LIHTC:Flores Rosa [5]'),
  ('PFM - P-870Training Facilities'),
  ('Proferre -CAIQUAT Jobsite'),
  ('Route 3 Quarry'),
  ('SMB -PROFERRE'),
  ('South Tip'),
  ('Warehouse'),
  ('Yard');
insert into assets (asset_tag, type, general_type, name, make, model, year, color, vin_serial, plate, location, old_qr_code, qr_printed_tagged, last_update_date, status, odometer, engine_hours, assigned_operator, purchase_cost, registration_expiry, notes) values
  ('LMS-TA21', 'Trailer', null, 'New 2020 Transcraft Flatbed VIN1TTF482SXL3189310 Trailer TRANSCRAFT TR5977', 'Transcraft', 'Flatbed VIN1TTF482SXL3189310 Trailer', '2020', null, 'Transcraft', 'TR5977', null, 'LMS-TA21', null, '2026-03-28', 'For Repair', 0.0, 0.0, null, 0.0, null, null),
  ('LMS-FT10', 'Gas Truck', null, 'Peterbilt Gas Truck PB337 Gas Truck Peterbilt PB337 2NP2HM7X9LM675194 3987CV', 'Peterbilt', 'Gas Truck PB337', null, null, '2NP2HM7X9LM675194', '3987CV', 'LMS - Mall Lot', 'LMS-FT10', null, '2025-07-31', 'Operable', 0.0, 0.0, null, 0.0, null, null),
  ('LMS-BH10', 'Loader Backhoe', null, 'Sany Loader Backhoe BHL95 Loader Backhoe Sany BHL95 SY009CD0538K8', 'Sany', 'Loader Backhoe BHL95', null, null, 'SY009CD0538K8', null, 'LMS - Mall Lot', 'LMS-BH10', null, '2026-03-28', 'Operable', 0.0, 0.0, null, 0.0, null, null),
  ('LMS-GD01', 'Track-mountedhorizontal grinder', 'Crushing Machinery', 'Chipper - Model 5710D Track-mountedhorizontal grinder -IF9KA1635HE352016', 'Forestry Equipment', null, '2017', null, null, 'TR4977', 'LMS - Mall Lot', 'LMS-GD01', null, '2026-03-28', 'Operable', 0.0, 0.0, null, 0.0, null, null),
  ('LMS-MD02', 'Mini Dump', null, 'Furd Mini Dump Mini Dump FURD FDT-800 FRD800JN250113001', 'Furd', 'Mini Dump Mini', null, null, 'FRD800JN250113001', null, null, 'LMS-MD02', null, '2026-04-25', 'For Repair', 0.0, 0.0, null, 0.0, null, null),
  ('LMS-SSM02', 'Silt Sock Machine', null, 'Stand Alone Hopper Silt Sock Machine', null, null, null, null, null, null, null, 'LMS-SSM02', null, '2026-04-03', 'Operable', 0.0, 0.0, null, 0.0, null, null),
  ('LMS-AT130', 'Attachment', 'Accessories andAttachments', 'Ventrac Digger Attachment', 'Ventrac', 'Digger Attachment Accessories', null, null, 'andAttachments', null, null, 'LMS-AT130', null, '2025-12-30', 'Operable', 0.0, 0.0, null, 0.0, null, null),
  ('LMS-FL24', 'Forklift', 'Material Handling', 'Hyster Model H155FT - 15K DS', 'Hyster', 'Model H155FT -', '2020', null, 'L006V03988V', null, 'LMS - Mall Lot', 'LMS-FL24', null, '2025-12-04', 'For Repair', 0.0, 0.0, null, 0.0, null, null),
  ('LMS-CO07', 'Compactor', 'Earth Moving', 'Furd Compactor FYL880T', 'Furd', 'Compactor FYL880T Earth', '2023', null, 'VR2305188801', null, 'LMS - Mall Lot', 'LMS-CO07', null, '2026-03-29', 'For Repair', 0.0, 0.0, null, 0.0, null, null),
  ('LMS-ST04', 'Stake Truck', 'Load Transport', 'Truck Stake - MV Quad Cab', 'International', null, '2020', null, '3HAEUMMN7ML629685', '4115CV', 'DZSP', 'LMS-ST04', null, '2026-03-28', 'Operable', 0.0, 0.0, null, 0.0, null, null),
  ('LMS-TR03', 'Tractor Truck', 'Forestry &LandscapingEquipment', 'T800 ISM Navy Contract', 'Kenworth', null, '2020', null, null, '2241CV', 'LMS - AndersenHousingReplacement 7 &8', 'LMS-TR03', null, '2026-02-26', 'Operable', 0.0, 0.0, null, 0.0, null, null),
  ('LMS-ST03', 'Stake Truck', 'Load Transport', 'Truck Stake - MV Quad Cab', 'International', null, '2020', null, '3HAEUMMN3ML629683', '4116CV', 'LMS - Mall Lot', 'LMS-ST03', null, '2026-05-18', 'Operable', 0.0, 0.0, null, 0.0, null, null),
  ('LMS-RO01', 'Roll Off Truck', 'Load Transport', '2019 Peterbilt Model 348 - VIN2NP3LJ0X0KM625648', 'Peterbilt', 'Model 348 -', '2018', null, '2NP3LJ0X0KM625648', '3665CV', 'LMS - Mall Lot', 'LMS-RO01', null, '2026-04-04', 'Operable', 0.0, 0.0, null, 0.0, null, null),
  ('LMS-TR05', 'Tractor Truck', 'Forestry &LandscapingEquipment', 'T800 ISM Navy Contract', 'Kenworth', null, '2020', null, '1XKDD00X7MR460412', '2232CV', 'LMS - Mall Lot', 'LMS-TR05', null, '2026-03-28', 'For Repair', 0.0, 0.0, null, 0.0, null, null),
  ('LMS-GN20', 'Generator', 'Lighting & PowerEquipment', 'Silent Type 16Kw/20kva 60hz 3-phase120/208v ,powered by perkins engine404D-22G with Leroy SomerAlternator, 50 Gallons fuel Tank, DSE7320 controller', 'Zhejiang', null, '2023', null, '20ESX2308072337', null, 'LMS - Mall Lot', 'LMS-GN20', null, '2026-04-06', 'Operable', 0.0, 0.0, null, 0.0, null, null),
  ('LMS-GN22', 'Generator', 'Lighting & PowerEquipment', 'Silent Type 16Kw/20kva 60hz 3-phase120/208v ,powered by perkins engine404D-22G with Leroy SomerAlternator, 50 Gallons fuel Tank, DSE7320 controller', 'Zhejiang', null, '2023', null, '20ESX2308072325', null, 'LMS - Mall Lot', 'LMS-GN22', null, '2025-12-25', 'Operable', 0.0, 0.0, null, 0.0, null, null),
  ('LMS-GN07', 'Generator', 'Lighting & PowerEquipment', 'Silent type 28kw/35kva 60hz 3-phase120/208v, powered by perkins engine404D-22TG with Leroy Someralternator, 8 hours fuel tank, DSE7320 controller', 'Zhejiang', null, '2023', null, '35ESX2308072335', null, 'LMS - AndersenHousingReplacement 7 &8', 'LMS-GN07', null, '2026-04-03', 'Operable', 0.0, 0.0, null, 0.0, null, null),
  ('LMS-GN12', 'Generator', 'Lighting & PowerEquipment', 'Silent type 28kw/35kva 60hz 3-phase120/208v, powered by perkins engine404D-22TG with Leroy Someralternator, 8 hours fuel tank, DSE7320 controller', 'Zhejiang', null, '2023', null, '35ESX2308072330', null, 'LMS - Mall Lot', 'LMS-GN12', null, '2025-12-25', 'Operable', 0.0, 0.0, null, 0.0, null, null),
  ('LMS-GN03', 'Generator', 'Lighting & PowerEquipment', 'Silent type 28kw/35kva 60hz 3-phase120/208v, powered by perkins engine404D-22TG with Leroy Someralternator, 8 hours fuel tank, DSE7320 controller', 'Zhejiang', null, '2023', null, '35ESX2308072344', null, 'LMS - Mall Lot', 'LMS-GN03', null, '2026-04-03', 'Operable', 0.0, 0.0, null, 0.0, null, null),
  ('LMS-GN02', 'Generator', 'Lighting & PowerEquipment', 'Silent type 28kw/35kva 60hz 3-phase120/208v, powered by perkins engine404D-22TG with Leroy Someralternator, 8 hours fuel tank, DSE7320 controller', 'Zhejiang', null, '2023', null, '35ESX2308072345', null, 'LMS - Mall Lot', 'LMS-GN02', null, '2026-04-03', 'Operable', 0.0, 0.0, null, 0.0, null, null),
  ('3010', 'Generator', 'Lighting & PowerEquipment', 'Silent type 28kw/35kva 60hz 3-phase120/208v, powered by perkins engine404D-22TG with Leroy Someralternator, 8 hours fuel tank, DSE7320 controller', 'Zhejiang', null, '2023', null, '35ESX2308072342', null, 'LMS - Mall Lot', '3010', null, '2026-04-03', 'For Repair', 0.0, 0.0, null, 0.0, null, null),
  ('LT-1229', 'Light Tower', 'Lighting & PowerEquipment', 'Wanco Inc -WLT-4M,K10,6K,60,120,S,D,N,R', 'Wanco', 'Inc -WLT-4M', '2019', null, '5F13D1416K1005970', null, 'LMS - Mall Lot', 'LT-1229', null, '2026-05-12', 'Operable', 0.0, 0.0, null, 0.0, null, null),
  ('LT-1121', 'Light Tower', 'Lighting & PowerEquipment', 'Wanco Inc -WLT-4M,K10,6K,60,120,S,D,N,R', 'Wanco', 'Inc -WLT-4M', '2019', null, '5F13D1419K1005963', null, 'LMS - Mall Lot', 'LT-1121', null, '2026-04-03', 'For Repair', 0.0, 0.0, null, 0.0, null, null),
  ('LT-1228', 'Light Tower', 'Lighting & PowerEquipment', 'Wanco Inc -WLT-4M,K10,6K,60,120,S,D,N,R', 'Wanco', 'Inc -WLT-4M', '2019', null, '5F13D1416K1005968', null, 'LMS - Mall Lot', 'LT-1228', null, '2026-04-03', 'For Repair', 0.0, 0.0, null, 0.0, null, null),
  ('LMS-ST01', 'Stake Truck', 'Load Transport', 'Truck Stake - MV Quad Cab', 'International', 'MV607SBA 4X2 3HAEUMMNOML629687', '2020', null, null, '4120CV', 'LMS - Mall Lot', 'LMS-ST01', null, '2026-04-03', 'Operable', 0.0, 0.0, null, 0.0, null, null),
  ('LMS-GT01', 'Grapple Truck', 'Load Transport', '2004 International 4300 Grapple plusfreight', 'International', '4300 Grapple plusfreight', '2015', null, '1HTMMAAL93H583696', null, 'LMS - Mall Lot', 'LMS-GT01', null, '2025-12-05', 'For Repair', 0.0, 0.0, null, 0.0, null, null),
  ('LMS-LB01', 'Lowboy Trailer', 'Load Transport', 'Trail King - TK110SA Advantage Plus!Sliding Axle trailer', null, null, '2020', null, '1TKH05943MM016139', 'TR6098', 'LMS - Mall Lot', 'LMS-LB01', null, '2026-04-20', 'Operable', 0.0, 0.0, null, 0.0, null, null),
  ('LMS-SL01', 'Sidelifter', 'Load Transport', 'Hammar 151 H Crane Set', 'Hammar', '151 H Crane', '2016', null, '1H9CT5332G1522004', 'TR2767', 'LMS - Mall Lot', 'LMS-SL01', null, '2025-09-10', 'Operable', 0.0, 0.0, null, 0.0, null, null),
  ('LMS-SL02', 'Sidelifter', 'Load Transport', 'Steelbro-One Steelbro SB450RSH2040SN: SB9881 sidelifter', 'Steelbro', null, '2020', null, 'SB450RSH2040SN', 'DL 724', 'LMS - Mall Lot', 'LMS-SL02', null, '2026-04-03', 'Operable', 0.0, 0.0, null, 0.0, null, null),
  ('LMS-RO03', 'Roll Off Truck', 'Load Transport', '2007 Peterbilt 357 Truck Stock#60195Vin#1XPADB0X97D652473', 'Peterbilt', null, '2017', null, '1XPADB0X97D652473', '3875CV', 'LMS - Mall Lot', 'LMS-RO03', null, '2026-04-03', 'Operable', 0.0, 0.0, null, 0.0, null, null),
  ('LMS-SS01', 'Skid Steer', 'Earth Moving', '2014 S650 Bobcat Skidsteer Loader', 'Bobcat', 'Skidsteer Loader Earth', '2015', null, null, null, 'LMS - Mall Lot', 'LMS-SS01', null, '2026-04-03', 'Out of Service', 0.0, 0.0, null, 0.0, null, null),
  ('LMS-DT10', 'Dump Truck', 'Load Transport', '1995 Kenworth Dump Truck L.P# 242CV. VIN#1XKDDE9X4SS674246', 'Kenworth', 'Dump Truck L.P#', '2021', null, '1XKDDE9X4SS674246', '242CV', 'LMS - Mall Lot', 'LMS-DT10', null, '2026-04-03', 'For Repair', 0.0, 0.0, null, 0.0, null, null),
  ('LMS-RO07', 'Roll Off Truck', 'Load Transport', '2009 Peterbilt 388 Stock#60039', 'Peterbilt', '388 Stock#60039 Load', '2017', null, '1XPWD4EX3-9D783329', '3874CV', 'LMS - Mall Lot', 'LMS-RO07', null, '2026-04-03', 'Out of Service', 0.0, 0.0, null, 0.0, null, null),
  ('LMS-BH01', 'Backhoe', 'Earth Moving', 'Used 2014 Case 580SN NR 2WDLoader/Backhoe 1113SEQ', 'Case', '580SN NR 2WDLoader/Backhoe', '2015', null, 'JJGN58SRTEC709137', null, 'LMS - Mall Lot', 'LMS-BH01', null, '2026-04-20', 'Out of Service', 0.0, 0.0, null, 0.0, null, null),
  ('LMS-EX15', 'Excavator', 'Earth Moving', 'Mid-Pac Far East-2011 DoosanExcavator DH DX225 LC', 'Doosan', null, '2011', null, 'DHKCEBADSB0006513', null, 'LMS - Mall Lot', 'LMS-EX15', null, '2026-04-03', 'Out of Service', 0.0, 0.0, null, 0.0, null, null),
  ('LMS-DT05', 'Dump Truck', 'Load Transport', 'T800 ISM Navy Contract', 'Kenworth', null, '2020', null, '1XDD00X5MR460408', '2236CV', 'LMS - Mall Lot', 'LMS-DT05', null, '2026-04-20', 'Operable', 0.0, 0.0, null, 0.0, null, null),
  ('LMS-TR02', 'Tractor Truck', 'Forestry &LandscapingEquipment', 'T800 ISM Spare w/lift axle & 52Ktandem', 'Kenworth', null, '2020', null, '1XKDD00X0MR460400', '2244CV', 'LMS - AndersenHousingReplacement 7 &8', 'LMS-TR02', null, '2026-05-18', 'Operable', 0.0, 0.0, null, 0.0, null, null),
  ('LMS-DT04', 'Dump Truck', 'Load Transport', 'T800 ISM Navy Contract', 'Kenworth', null, '2020', null, '1XKDD00X3MR460410', '1203CV', 'LMS - Mall Lot', 'LMS-DT04', null, '2026-03-28', 'Operable', 0.0, 0.0, null, 0.0, null, null),
  ('LMS-DT03', 'Dump Truck', 'Load Transport', 'T800 ISM Navy Contract', 'Kenworth', null, '2020', null, '1XKDD00X2MR460401', '2243CV', 'LMS - Mall Lot', 'LMS-DT03', null, '2026-03-28', 'Operable', 0.0, 0.0, null, 0.0, null, null),
  ('LMS-CO04', 'Roller Compactor', 'Earth Moving', 'Road Rollers Model # FYL-880', 'Jcb', null, '2021', null, 'VR202112168802', null, 'LMS - Mall Lot', 'LMS-CO04', null, '2026-03-28', 'For Repair', 0.0, 0.0, null, 0.0, null, null),
  ('LMS-FL25', 'Forklift', 'Material Handling', 'Hyster Model H155FT - 15K DS', 'Hyster', 'Model H155FT -', '2021', null, 'L006V03962V', null, 'LMS - Mall Lot', 'LMS-FL25', null, '2026-04-27', 'Operable', 0.0, 0.0, null, 0.0, null, null),
  ('LMS-FL22', 'Forklift', 'Material Handling', 'Hyster Model H155FT - 15K DS', 'Hyster', 'Model H155FT -', '2021', null, 'L006V03964V', null, 'LMS - Mall Lot', 'LMS-FL22', null, '2026-04-04', 'Operable', 0.0, 0.0, null, 0.0, null, null),
  ('LMS-FL07', 'Forklift', 'Material Handling', '6K DS Forklifts', 'Taylor', null, '2020', null, 'XGT-466D-0015-10029KF', null, 'LMS - Mall Lot', 'LMS-FL07', null, '2026-03-28', 'Operable', 0.0, 0.0, null, 0.0, null, null),
  ('LMS-ST02', 'Stake Truck', 'Load Transport', 'Truck Stake - MV Quad Cab', 'International', null, '2020', null, '3HAEUMMN9ML629686', '4119CV', 'LMS - Mall Lot', 'LMS-ST02', null, '2026-04-03', 'For Repair', 0.0, 0.0, null, 0.0, null, null),
  ('LMS-FL05', 'Forklift', 'Material Handling', '6K DS Forklifts', 'Taylor', null, '2020', null, 'XGT-466D-0035-10029KF', null, 'LMS - Mall Lot', 'LMS-FL05', null, '2026-03-28', 'Operable', 0.0, 0.0, null, 0.0, null, null),
  ('LMS-EX19', 'Mini Excavator', 'Earth Moving', '3T Excavator - SY26U(T4f)', 'Sany', null, '2023', null, 'SY002CD1795K8', null, 'LMS - AndersenHousingReplacement 7 &8', 'LMS-EX19', null, '2026-03-28', 'Operable', 0.0, 0.0, null, 0.0, null, null),
  ('LMS-EX18', 'Mini Excavator', 'Earth Moving', '4T Excavator - SY35U(T4f)', 'Sany', null, '2023', null, 'SY003CD3239K8', null, 'PFM - LIHTC:Flores Rosa [5]', 'LMS-EX18', null, '2026-03-28', 'Operable', 0.0, 0.0, null, 0.0, null, null),
  ('LMS-HS02', 'Trailer', 'Forestry &LandscapingEquipment', 'T60T -30; T-60 Hydroseeder-TrailerModel', 'Finn', 'HYDROSEEDER T90T MS-3522', '2016', null, '1F9SS1710GF135562', 'TR2598', 'PFM - AganaBoat Basin', 'LMS-HS02', null, '2025-12-25', 'Operable', 0.0, 0.0, null, 0.0, null, null),
  ('LMS-EX16', 'Mini Excavator', 'Earth Moving', '5T Excavator - SY50U(T4f)', 'Sany', null, '2023', null, 'SY005CD3631K8', null, 'LMS - AndersenHousingReplacement 7 &8', 'LMS-EX16', null, '2026-05-18', 'Operable', 0.0, 0.0, null, 0.0, null, null),
  ('LMS-EX20', 'Mini Excavator', 'Earth Moving', '2T Excavator - SY16C(T4f)', 'Sany', null, '2023', null, 'SY001CD3022K8', null, 'Lms- HP J-33', 'LMS-EX20', null, '2026-04-03', 'Operable', 0.0, 0.0, null, 0.0, null, null),
  ('LMS-CO02', 'Compactor', 'Earth Moving', 'VM75D SN 2901661', 'Jcb', null, '2021', null, 'PUNVM075JM2901661', null, 'LMS - Mall Lot', 'LMS-CO02', null, '2026-04-20', 'Operable', 0.0, 0.0, null, 0.0, null, null),
  ('LT-1265', 'Light Tower', 'Lighting & PowerEquipment', 'Wanco Inc -WLT-4M,K10,6K,60,120,S,D,N,R', 'Wanco', 'Inc -WLT-4M', '2019', null, '5F13D1414K1005966', null, 'LMS - Mall Lot', 'LT-1265', null, '2026-03-28', 'For Repair', 0.0, 0.0, null, 0.0, null, null),
  ('LMS-CO01', 'Compactor', 'Earth Moving', 'VM75D SN 2901660', 'Jcb', null, '2021', null, 'PUNVM075KM2901660', 'RO-1114', 'LMS - AndersenHousingReplacement 7 &8', 'LMS-CO01', null, '2026-04-20', 'Operable', 0.0, 0.0, null, 0.0, null, null),
  ('LMS-EX06', 'Excavator', 'Earth Moving', '2018 Doosan Excavator', 'Doosan', 'Excavator Earth Moving', '2018', null, 'DHKCDCAAAL0011116', null, 'LMS - AndersenHousingReplacement 7 &8', 'LMS-EX06', null, '2026-04-20', 'Operable', 0.0, 0.0, null, 0.0, null, null),
  ('LMS-EX02', 'Excavator', 'Earth Moving', '1 each New 2023 DEVELON CRAWLEREXCAVATOR w/ Bucket & DebrisShield. DX225LC-7M', 'Doosan', null, '2023', null, 'DHKCEBEFLP0001368', null, 'LMS - AndersenHousingReplacement 7 &8', 'LMS-EX02', null, '2026-04-03', 'Operable', 0.0, 0.0, null, 0.0, null, null),
  ('LT-1117', 'Light Tower', 'Lighting & PowerEquipment', 'Wanco Inc -WLT-4M,K10,6K,60,120,S,D,N,R', 'Wanco', 'Inc -WLT-4M', '2019', null, '5F13D1413K1005957', null, 'LMS - Mall Lot', 'LT-1117', null, '2026-04-06', 'For Repair', 0.0, 0.0, null, 0.0, null, null),
  ('LMS-DT02', 'Dump Truck', 'Load Transport', 'T800 ISM Navy Contract', 'Kenworth', null, '2020', null, null, '2233CV', 'LMS - Mall Lot', 'LMS-DT02', null, '2026-04-03', 'Operable', 0.0, 0.0, null, 0.0, null, null),
  ('LMS-DZ02', 'Dozer', 'Earth Moving', 'Liugong Dressta Machinery-TD-14MExtra CRAWLER DOZER', 'Dressta', 'Machinery-TD-14MExtra CRAWLER DOZER', '2020', null, 'LDM14M00KLP000659', null, 'LMS - Mall Lot', 'LMS-DZ02', null, '2026-05-18', 'Operable', 0.0, 0.0, null, 0.0, null, null),
  ('LMS-FL26', 'Forklift', 'Material Handling', 'GT155 DS BASIC GT-155 UL-DS', 'Taylor', null, '2020', null, 'XGT-1318D-0276-10034KF', null, 'LMS - Mall Lot', 'LMS-FL26', null, '2026-05-18', 'Operable', 0.0, 0.0, null, 0.0, null, null),
  ('LMS-EX08', 'Excavator', 'Earth Moving', 'Mid-Pac Far East-Doosan DX225LC2019 - CEBAD-008305', 'Doosan', 'DX225LC2019 - CEBAD-008305', '2020', null, 'DHKCEBADEK0008305', null, 'LMS - AndersenHousingReplacement 7 &8', 'LMS-EX08', null, '2026-01-22', 'Operable', 0.0, 0.0, null, 0.0, null, null),
  ('LMS-EX11', 'Excavator', 'Earth Moving', 'Doosan Excavator DX225LC SN:CEBAD-008415', 'Doosan', 'Excavator DX225LC SN', '2021', null, 'DHKCEBADAL0008415', null, 'LMS - AndersenHousingReplacement 7 &8', 'LMS-EX11', null, '2026-05-15', 'Operable', 0.0, 0.0, null, 0.0, null, null),
  ('LMS-WL01', 'Wheeled Loader', 'Earth Moving', 'Loader - SW405K(T4F)', 'Sany', null, '2023', null, 'SW4054CDM0028', null, 'LMS - Mall Lot', 'LMS-WL01', null, '2026-05-06', 'Operable', 0.0, 0.0, null, 0.0, null, null),
  ('LMS-EX13', 'Excavator', 'Earth Moving', 'Doosan Excavator DX225LC SNCEBAD-008417', 'Doosan', 'Excavator DX225LC SNCEBAD-008417', '2021', null, 'DHKCEBADHL0008417', null, 'LMS - AndersenHousingReplacement 7 &8', 'LMS-EX13', null, '2026-04-03', 'Operable', 0.0, 0.0, null, 0.0, null, null),
  ('LMS-EX01', 'Excavator', 'Earth Moving', 'NEW 2020 DOOSAN Construction50-ton Hydraulic Excavator - DX480LC', 'Doosan', 'Construction50-ton Hydraulic Excavator', '2020', null, 'DWGCECAFHK1010253', null, 'LMS - AndersenHousingReplacement 7 &8', 'LMS-EX01', null, '2026-04-03', 'Operable', 0.0, 0.0, null, 0.0, null, null),
  ('LMS-EX10', 'Excavator', 'Earth Moving', 'NEW 2020 DOOSAN Construction25-ton Hydraulic Excavators -DX225LC', 'Doosan', 'Construction25-ton Hydraulic Excavators', '2021', null, 'DHKCEBADCL0008377', null, 'Route 3 Quarry', 'LMS-EX10', null, '2026-05-11', 'For Repair', 0.0, 0.0, null, 0.0, null, null),
  ('LMS-EX07', 'Excavator', 'Earth Moving', 'Mid-Pac Far East-Doosan DX225LC2019 - CEBAD-008304', 'Doosan', 'DX225LC2019 - CEBAD-008304', '2020', null, 'DHKCEBADEK0008304', null, 'PFM - P-870Training Facilities', 'LMS-EX07', null, '2026-05-18', 'Operable', 0.0, 0.0, null, 0.0, null, null),
  ('LMS-EX05', 'Excavator', 'Earth Moving', '2018 Doosan Excavator', 'Doosan', 'Excavator Earth Moving', '2018', null, 'DHKCECAAAJ0011047', null, 'LMS - AndersenHousingReplacement 7 &8', 'LMS-EX05', null, '2025-09-10', 'Operable', 0.0, 0.0, null, 0.0, null, null),
  ('LMS-CO03', 'Roller', 'Earth Moving', 'SSR120 TIER 4 (USED) SNYZ1312BJ0731', 'Sany', 'SSR120 YZ1312BJ0731', '2020', null, 'SNYZ1312BJ0731', null, 'LMS - AndersenHousingReplacement 7 &8', 'LMS-CO03', null, '2026-05-18', 'Operable', 0.0, 0.0, null, 0.0, null, null),
  ('LMS-GN21', 'Generator', 'Lighting & PowerEquipment', 'Silent Type 16Kw/20kva 60hz 3-phase120/208v ,powered by perkins engine404D-22G with Leroy SomerAlternator, 50 Gallons fuel Tank, DSE7320 controller', 'Zhejiang', null, '2023', null, '20ESX2308072336', null, 'LMS - Mall Lot', 'LMS-GN21', null, '2026-04-20', 'Operable', 0.0, 0.0, null, 0.0, null, null),
  ('LMS-EX12', 'Excavator', 'Earth Moving', 'Doosan Excavator DX225LC SNCEBAD-008416', 'Doosan', 'Excavator DX225LC SNCEBAD-008416', '2021', null, 'DHKCEBADLL0008416', null, 'PFM - P-870Training Facilities', 'LMS-EX12', null, '2026-03-28', 'Operable', 0.0, 0.0, null, 0.0, null, null),
  ('LMS-LB05', 'Load Transport', 'Load Transport', '50GSL/BR LOWBOY With Detach 50ton gooseneck', 'Eager Beaver', null, '2018', null, '112SB2516JL082447', null, 'LMS - Mall Lot', 'LMS-LB05', null, '2026-04-03', 'Operable', 0.0, 0.0, null, 0.0, null, null),
  ('LMS-BH03', 'Backhoe', 'Earth Moving', 'Hidromek Backhoe', 'Hidromek', 'Backhoe Earth Moving', '2022', null, 'HMK102BKK2B105373', null, 'LMS - AndersenHousing Phase7&8', 'LMS-BH03', null, '2026-03-28', 'Operable', 0.0, 0.0, null, 0.0, null, null),
  ('LMS-FM02', 'Forestry &LandscapingEquipment', 'Forestry &LandscapingEquipment', 'Crawler Base Mach C200', 'Rayco', null, '2018', null, 'C2000230418', null, 'LMS - Mall Lot', 'LMS-FM02', null, '2026-05-18', 'Operable', 0.0, 0.0, null, 0.0, null, null),
  ('LMS-WC01', 'Wood Chipper', 'Forestry &LandscapingEquipment', '2019 MORBARK EEGER BEEVER 2230Track', 'Morbark', 'EEGER BEEVER 2230Track', '2019', null, '22304S8SZ19005W090543', null, 'LMS - Mall Lot', 'LMS-WC01', null, '2026-05-18', 'Operable', 0.0, 0.0, null, 0.0, null, null),
  ('LMS-VT02', 'Vacuum Truck', 'Service Vehicle', 'Kenworth T800 2021 Vacuum Truck', 'Kenworth', 'T800 2021 Vacuum', '2020', null, '1NKDLK0X3MR461422', '4267CV', 'DZSP', 'LMS-VT02', null, '2026-03-28', 'Operable', 0.0, 0.0, null, 0.0, null, null),
  ('LMS-WC02', 'Wood Chipper', 'Forestry &LandscapingEquipment', '1 CRAWLER base Mach Rayco C 100RRub', 'Rayco', 'C 100RRub Forestry', '2015', null, '1R979151XFW210005', 'TR4547', 'LMS - Mall Lot', 'LMS-WC02', null, '2026-05-18', 'Out of Service', 0.0, 0.0, null, 0.0, null, null),
  ('LMS-EX045', 'Excavator', 'Earth Moving', 'NEW 2020 DOOSAN Construction30-ton Hydraulic Excavator - DX300LC', 'Doosan', 'Construction30-ton Hydraulic Excavator', '2021', null, 'DHKCEAACJ0011028', null, 'LMS - AndersenHousingReplacement 7 &8', 'LMS-EX045', null, '2026-05-18', 'Operable', 0.0, 0.0, null, 0.0, null, null),
  ('LT-1119', 'Light Tower', 'Lighting & PowerEquipment', 'Wanco Inc -WLT-4M,K10,6K,60,120,S,D,N,R', 'Wanco', 'Inc -WLT-4M', '2019', null, '5F13D141XK1005961', null, 'LMS - Mall Lot', 'LT-1119', null, '2026-04-29', 'Operable', 0.0, 0.0, null, 0.0, null, null),
  ('LT-1120', 'Light Tower', 'Lighting & PowerEquipment', 'Wanco Inc -WLT-4M,K10,6K,60,120,S,D,N,R', 'Wanco', 'Inc -WLT-4M', '2019', null, '5F13D1413K1005960', null, 'LMS - Mall Lot', 'LT-1120', null, '2026-05-18', 'Operable', 0.0, 0.0, null, 0.0, null, null),
  ('LT-1123', 'Light Tower', 'Lighting & PowerEquipment', 'Wanco Inc -WLT-4M,K10,6K,60,120,S,D,N,R', 'Wanco', 'Inc -WLT-4M', '2019', null, '5F13D1412K1005965', null, 'LMS - UXO:Replace Cable101', 'LT-1123', null, '2026-05-18', 'Operable', 0.0, 0.0, null, 0.0, null, null),
  ('LMS-EX03', 'Excavator', 'Earth Moving', '1 each New 2023 DEVELON CRAWLEREXCAVATOR w/ Bucket & DebrisShield. DX225LC-7M', 'Doosan', null, '2023', null, 'DHKCEBEFLP0001371', null, 'LMS - AndersenHousingReplacement 7 &8', 'LMS-EX03', null, '2026-05-11', 'Operable', 0.0, 0.0, null, 0.0, null, null),
  ('LMS-TR07', 'Tractor Truck', 'Forestry &LandscapingEquipment', 'T800 ISM Navy Contract', 'Kenworth', null, '2020', null, '1XKDP4TX5MR460418', '4268CV', 'LMS - Mall Lot', 'LMS-TR07', null, '2026-04-20', 'Operable', 0.0, 0.0, null, 0.0, null, null),
  ('LMS-LB02', 'Lowboy Trailer', 'Load Transport', 'Trail King - TK110SA Advantage Plus!Sliding Axle trailer', null, null, '2020', null, '1TKA04830MM095337', 'TR6018', 'DZSP', 'LMS-LB02', null, '2026-05-18', 'Operable', 0.0, 0.0, null, 0.0, null, null),
  ('LMS-TC09', 'Forestry &LandscapingEquipment', 'Forestry &LandscapingEquipment', '33320 RX7320 Power Shuttle w/Rops', null, null, '2016', null, null, null, 'LMS - Mall Lot', 'LMS-TC09', null, '2026-03-28', 'Out of Service', 0.0, 0.0, null, 0.0, null, null),
  ('LMS-LB03', 'Lowboy Trailer', 'Load Transport', '2020 455A-50CA 50'' Lowboy TrailerNo. 29403', null, null, '2020', null, '1LH455VJ5L1B29403', 'TR5982', 'LMS - Mall Lot', 'LMS-LB03', null, '2026-02-24', 'Operable', 0.0, 0.0, null, 0.0, null, null),
  ('LMS-TL01', 'Material Handling', 'Material Handling', 'STH1256 Telehandler can 130HP', 'Sany', null, '2022', null, 'TH1256CB0404', null, 'LMS - Mall Lot', 'LMS-TL01', null, '2026-01-12', 'Operable', 0.0, 0.0, null, 0.0, null, null),
  ('LMS-DZ01', 'Dozer', 'Earth Moving', 'Liugong Dressta Machinery-TD-25MExtra CRAWLER DOZER', 'Dressta', 'Machinery-TD-25MExtra CRAWLER DOZER', '2020', null, 'LDM2500CKP000566', null, 'LMS - AndersenHousingReplacement 7 &8', 'LMS-DZ01', null, '2026-01-28', 'Operable', 0.0, 0.0, null, 0.0, null, null),
  ('LMS-SC01', 'Crushing Machinery', 'Crushing Machinery', 'RM Screen-Line HS7500M Crawlermobile scalper', null, null, '2021', null, 'HS7500M-34-04', null, 'LMS - Mall Lot', 'LMS-SC01', null, '2026-04-03', 'For Repair', 0.0, 0.0, null, 0.0, null, null),
  ('LMS-FR01', 'Load Transport', 'Load Transport', '2018 FREIGHTLINER M2 VIN:3ALACXFC5JDJS6261', null, null, '2019', null, '3ALACXFC5JDJS6261', '1699CV', 'LMS - AndersenHousingReplacement 7 &8', 'LMS-FR01', null, '2026-04-20', 'Operable', 0.0, 0.0, null, 0.0, null, null),
  ('LMS-WL02', 'Wheeled Loader', 'Earth Moving', '1 - CAT Payloader 950H w/forks $125k less discount $56K', null, null, '2022', null, null, null, 'J313', 'LMS-WL02', null, '2026-02-25', 'Operable', 0.0, 0.0, null, 0.0, null, null),
  ('LMS-TA07', 'Trailer', 'Load Transport', 'Reitnouer - Maxmiser 45ft Trailer', null, null, '2020', null, '1RNF45A25MR055330', 'TR5998', 'LMS - Mall Lot', 'LMS-TA07', null, '2026-03-28', 'Operable', 0.0, 0.0, null, 0.0, null, null),
  ('LT-1122', 'Light Tower', 'Lighting & PowerEquipment', 'Wanco Inc -WLT-4M,K10,6K,60,120,S,D,N,R', 'Wanco', 'Inc -WLT-4M', '2019', null, '5F13D1416K1005967', null, 'LMS - Mall Lot', 'LT-1122', null, '2024-01-27', 'For Repair', 0.0, 0.0, null, 0.0, null, null),
  ('LMS-GN17', 'Generator', 'Lighting & PowerEquipment', 'Silent Type 16Kw/20kva 60hz 3-phase120/208v ,powered by perkins engine404D-22G with Leroy SomerAlternator, 50 Gallons fuel Tank, DSE7320 controller', 'Zhejiang', null, '2023', null, '20ESX2308072340', null, 'LMS - AndersenHousingReplacement 7 &8', 'LMS-GN17', null, '2026-04-03', 'Operable', 0.0, 0.0, null, 0.0, null, null),
  ('LMS-GN19', 'Generator', 'Lighting & PowerEquipment', 'Silent Type 16Kw/20kva 60hz 3-phase120/208v ,powered by perkins engine404D-22G with Leroy SomerAlternator, 50 Gallons fuel Tank, DSE7320 controller', 'Zhejiang', null, '2023', null, '20ESX2308072338', null, 'LMS - Mall Lot', 'LMS-GN19', null, '2026-03-30', 'For Repair', 0.0, 0.0, null, 0.0, null, null),
  ('LMS-CR01', 'Crushing Machinery', 'Crushing Machinery', 'RM 90GO! & MS 95GO! & RFB', null, null, '2018', null, null, null, 'LMS - Mall Lot', 'LMS-CR01', null, '2025-12-08', 'Operable', 0.0, 0.0, null, 0.0, null, null),
  ('LMS-DT01', 'Dump Truck', 'Earth Moving', 'Doosan DA30 Articulated Dump Truck', 'Doosan', 'DA30 Articulated Dump', '2020', null, 'TruckEarth', null, 'LMS - AndersenHousing Phase7&8', 'LMS-DT01', null, '2024-01-31', 'Operable', 0.0, 0.0, null, 0.0, null, null),
  ('LMS-TL02', 'Material Handling', 'Material Handling', 'STH1256 Telehandler can 130HP', 'Sany', null, '2022', null, 'TH1256CB0410', null, 'LMS - Mall Lot', 'LMS-TL02', null, '2026-05-18', 'Operable', 0.0, 0.0, null, 0.0, null, null),
  ('LMS-FL47', 'Forklift', 'Material Handling', 'Clark The Forklift-SN: ESX15s-ESX25010029706KY Montacargas CLARKModelo ESX15s', null, null, '2020', null, 'ESX15s-ESX25010029706KY', null, 'LMS - PIPWarehouse Lot16', 'LMS-FL47', null, '2025-08-01', 'Operable', 0.0, 0.0, null, 0.0, null, null),
  ('LMS-ST08', 'Stake Truck', 'Load Transport', 'Triple J F-250 4x2 Regular Cab1FDBF2A6XKEG28090', 'Ford', 'F250 1FDBF2A6XKEG28090 MZ6571', '2020', null, 'Cab1FDBF2A6XKEG28090', null, 'LMS - Mall Lot', 'LMS-ST08', null, '2025-08-01', 'Operable', 0.0, 0.0, null, 0.0, null, null),
  ('LMS-ST07', 'Stake Truck', 'Load Transport', '2019 CV515 4x2 with 16'' Stake Body', 'International', null, '2020', null, '1HTKSSWK0KH153332', '1210CV', 'LMS - Mall Lot', 'LMS-ST07', null, '2026-03-28', 'Operable', 0.0, 0.0, null, 0.0, null, null),
  ('LMS-FT02', 'Fuel Truck', 'Service Vehicle', 'New 2019 Peterbilt 337 with back fuel& lube system', 'Peterbilt', '337 with back', '2019', null, '2NP2HM7X8LM675204', '503CV', 'LMS - Mall Lot', 'LMS-FT02', null, '2026-04-22', 'Operable', 0.0, 0.0, null, 0.0, null, null),
  ('LMS-ST05', 'Stake Truck', 'Load Transport', 'Truck Stake - MV Quad Cab', 'International', null, '2020', null, '3HAEUMMN5ML629684', '4118CV', 'LMS - Mall Lot', 'LMS-ST05', null, '2026-03-28', 'Operable', 0.0, 0.0, null, 0.0, null, null),
  ('LT-1124', 'Light Tower', 'Lighting & PowerEquipment', 'Wanco Inc -WLT-4M,K10,6K,60,120,S,D,N,R', 'Wanco', 'Inc -WLT-4M', '2019', null, '5F13D1417K1005959', null, 'Big Navy', 'LT-1124', null, '2026-04-20', 'Operable', 0.0, 0.0, null, 0.0, null, null),
  ('LMS-EX14', 'Excavator', 'Earth Moving', 'Doosan Excavator DX225LC SN:CEBAD-008413', 'Doosan', 'Excavator DX225LC SN', '2021', null, 'DHKCEBADCL0008413', null, 'LMS - AndersenHousing Phase7&8', 'LMS-EX14', null, '2024-02-02', 'Operable', 0.0, 0.0, null, 0.0, null, null),
  ('LT-1118', 'Light Tower', 'Lighting & PowerEquipment', 'Wanco Inc -WLT-4M,K10,6K,60,120,S,D,N,R', 'Wanco', 'Inc -WLT-4M', '2019', null, '5F13D141XK1005969', null, 'LMS - Mall Lot', 'LT-1118', null, '2024-02-02', 'Out of Service', 0.0, 0.0, null, 0.0, null, null),
  ('LMS-ST06', 'Stake Truck', 'Load Transport', 'Truck Stake - MV Quad Cab', 'International', null, '2020', null, '3HAEUMMNXML629440', '4121CV', 'LMS - Mall Lot', 'LMS-ST06', null, '2024-02-02', 'Operable', 0.0, 0.0, null, 0.0, null, null),
  ('LMS-GN09', 'Generator', 'Lighting & PowerEquipment', 'Silent type 28kw/35kva 60hz 3-phase120/208v, powered by perkins engine404D-22TG with Leroy Someralternator, 8 hours fuel tank, DSE7320 controller', 'Zhejiang', null, '2023', null, '35ESX2308072333', null, 'LMS - Mall Lot', 'LMS-GN09', null, '2026-03-28', 'For Repair', 0.0, 0.0, null, 0.0, null, null),
  ('LMS-SC02', 'Crushing Machinery', 'Crushing Machinery', 'TERRA SELECT MODEL T60 - trommelscreen', null, null, '2018', null, 'W09T60219G1T52258', null, 'LMS - P-870', 'LMS-SC02', null, '2026-05-04', 'Operable', 0.0, 0.0, null, 0.0, null, null),
  ('LMS-GR01', 'Earth Moving', 'Earth Moving', 'SMG200 TIER 4', 'Sany', null, '2020', null, 'PY1120CA0528', null, 'PFM - P-870Training Facilities', 'LMS-GR01', null, '2026-04-03', 'Operable', 0.0, 0.0, null, 0.0, null, null),
  ('LMS-TR09', 'Tractor Truck', 'Forestry &LandscapingEquipment', 'T800 ISM Navy Contract', 'Kenworth', null, '2020', null, '1XKDD00X7MR460409', '2235CV', 'LMS - Mall Lot', 'LMS-TR09', null, '2026-05-18', 'Operable', 0.0, 0.0, null, 0.0, null, null),
  ('LMS-FL02', 'Forklift', 'Material Handling', '6K DS Forklifts', 'Taylor', null, '2020', null, 'XGT-466D-0005-10029KF', null, 'LMS - ECC -P-103 WaterWell Field', 'LMS-FL02', null, '2026-05-11', 'Operable', 0.0, 0.0, null, 0.0, null, null),
  ('LMS-FL06', 'Forklift', 'Material Handling', '6K DS Forklifts', 'Taylor', null, '2020', null, 'XGT-466D-0056-10029KF', null, 'LMS - Mall Lot', 'LMS-FL06', null, '2025-08-01', 'Operable', 0.0, 0.0, null, 0.0, null, null),
  ('LMS-FL08', 'Forklift', 'Material Handling', '15K DS Forklifts', null, null, '2020', null, 'XGT-1318D-0348-10034', null, 'LMS - Mall Lot', 'LMS-FL08', null, '2026-03-28', 'Operable', 0.0, 0.0, null, 0.0, null, null),
  ('LMS-FL09', 'Forklift', 'Material Handling', '15K DS Forklifts', null, null, '2020', null, 'XGT-1318D-0349-10034', null, 'LMS - Mall Lot', 'LMS-FL09', null, '2024-02-28', 'Operable', 0.0, 0.0, null, 0.0, null, null),
  ('LMS-WT015', 'Truck', 'Service Vehicle', 'T800 ISM Navy Contract', 'Kenworth', null, '2020', null, '1XKDD00X4MR460402', '2242CV', 'LMS - AndersenHousingReplacement 7 &8', 'LMS-WT015', null, '2024-02-28', 'Operable', 0.0, 0.0, null, 0.0, null, null),
  ('LMS-FL11', 'Forklift', 'Material Handling', '15K DS Forklifts', null, null, '2020', null, 'XGT-1318D-0350-10034', null, 'LMS - AndersenHousingReplacement 7 &8', 'LMS-FL11', null, '2026-04-03', 'Operable', 0.0, 0.0, null, 0.0, null, null),
  ('LMS-FL12', 'Forklift', 'Material Handling', '6K EE Forklifts', null, null, '2020', null, 'GEX230-3494-9655', null, 'LMS - PIPWarehouse Lot16', 'LMS-FL12', null, '2026-04-03', 'Operable', 0.0, 0.0, null, 0.0, null, null),
  ('LMS-FL13', 'Forklift', 'Material Handling', '6K EE Forklifts', null, null, '2020', null, 'GEX230-3493-9655', null, 'LMS - Mall Lot', 'LMS-FL13', null, '2026-04-20', 'Operable', 0.0, 0.0, null, 0.0, null, null),
  ('LMS-FL14', 'Forklift', 'Material Handling', '6K EE Forklifts', null, null, '2020', null, 'GEX230-3496-9655', null, 'LMS - Mall Lot', 'LMS-FL14', null, '2026-04-27', 'Operable', 0.0, 0.0, null, 0.0, null, null),
  ('LMS-FL15', 'Forklift', 'Material Handling', '6K EE Forklifts', null, null, '2020', null, 'GEX230-3497-9655', null, 'LMS - Mall Lot', 'LMS-FL15', null, '2026-04-03', 'Operable', 0.0, 0.0, null, 0.0, null, null),
  ('LMS-FL16', 'Forklift', 'Material Handling', '6K EE Forklifts', null, null, '2020', null, 'GEX230-3498-9655', null, 'LMS - Mall Lot', 'LMS-FL16', null, '2026-01-26', 'Operable', 0.0, 0.0, null, 0.0, null, null),
  ('LMS-FL17', 'Forklift', 'Material Handling', '6K EE Forklifts', null, null, '2020', null, 'GEX230-3499-9655', null, 'LMS - Mall Lot', 'LMS-FL17', null, '2026-01-28', 'Operable', 0.0, 0.0, null, 0.0, null, null),
  ('LMS-TR01', 'Tractor Truck', 'Forestry &LandscapingEquipment', 'T800 XHD Lowboy Tractor Wide HoodX15-605', 'Kenworth', 'T800 XHD 1XKDPOTX2MR460417', '2020', null, null, '2231CV', 'LMS - AndersenHousingReplacement 7 &8', 'LMS-TR01', null, '2026-03-28', 'Operable', 0.0, 0.0, null, 0.0, null, null),
  ('LMS-SC03', 'Crushing Machinery', 'Crushing Machinery', 'RM Screen-Line HS5000M Trackmobile 2018 Serial-no.: RMHS5000M-19-04', null, null, '2018', null, 'RMHS5000M-19-04', null, 'LMS - Mall Lot', 'LMS-SC03', null, '2024-03-01', 'Operable', 0.0, 0.0, null, 0.0, null, null),
  ('LMS-RO02', 'Roll Off Truck', 'Load Transport', '2019 Peterbilt Model 348 - VIN2NP3LJ0X7KM262992', 'Peterbilt', 'Model 348 -', '2019', null, '2NP3LJ0X7KM625646', '4034CV', 'LMS - Mall Lot', 'LMS-RO02', null, '2026-03-17', 'Operable', 0.0, 0.0, null, 0.0, null, null),
  ('LMS-TR08', 'Tractor Truck', 'Forestry &LandscapingEquipment', 'T800 ISM Navy Contract', 'Kenworth', null, '2020', null, '1XKDD00X3MR460407', '2237CV', 'LMS - Mall Lot', 'LMS-TR08', null, '2026-04-22', 'Operable', 0.0, 0.0, null, 0.0, null, null),
  ('LMS-FL18', 'Forklift', 'Material Handling', 'Combilift - C12000ET – 12000lbsCapacity @ 24" Load Centre - PlatformDepth 53" 10K EE Sideloade...', null, null, '2020', null, null, null, 'LMS - Mall Lot', 'LMS-FL18', null, '2026-04-20', 'Operable', 0.0, 0.0, null, 0.0, null, null),
  ('LMS-FL19', 'Forklift', 'Material Handling', 'Combilift - C12000ET – 12000lbsCapacity @ 24" Load Centre - PlatformDepth 53" 10K EE Sideloade...', null, null, '2020', null, null, null, 'LMS - Mall Lot', 'LMS-FL19', null, '2026-04-20', 'Operable', 0.0, 0.0, null, 0.0, null, null),
  ('LMS-FL20', 'Forklift', 'Material Handling', 'Combilift - C12000ET – 12000lbsCapacity @ 24" Load Centre - PlatformDepth 53" 10K EE Sideloade...', null, null, '2020', null, null, null, 'LMS - Mall Lot', 'LMS-FL20', null, '2026-04-03', 'Operable', 0.0, 0.0, null, 0.0, null, null),
  ('LMS-FL21', 'Forklift', 'Material Handling', '10K EE Sideloaders', null, null, '2020', null, null, null, 'LMS - Mall Lot', 'LMS-FL21', null, '2026-04-04', 'Operable', 0.0, 0.0, null, 0.0, null, null),
  ('LMS-CB01', 'Forestry &LandscapingEquipment', 'Forestry &LandscapingEquipment', '(1) Refractory Walled Air CurtainBurner plus freight', null, null, '2015', null, 'S19FBN15589', null, 'LMS - Mall Lot', 'LMS-CB01', null, '2026-03-27', 'For Repair', 0.0, 0.0, null, 0.0, null, null),
  ('LMS-SK01', 'Forestry &LandscapingEquipment', 'Forestry &LandscapingEquipment', 'Sky Trim plus freight', null, null, '2015', null, null, null, 'LMS - Mall Lot', 'LMS-SK01', null, '2026-01-28', 'Operable', 0.0, 0.0, null, 0.0, null, null),
  ('LMS-WC03', 'Wood Chipper', 'Forestry &LandscapingEquipment', 'BC1800XL Wood Chipper 170HP w/Winch', null, null, '2015', null, null, null, 'Proferre -CAIQUAT Jobsite', 'LMS-WC03', null, '2026-03-28', 'Operable', 0.0, 0.0, null, 0.0, null, null),
  ('LMS-RO05', 'Roll Off Truck', 'Load Transport', '2005 Autocar Roll Off Truck', null, null, '2015', null, '5VCDC6MF55H201785', '3450CV', 'LMS - Mall Lot', 'LMS-RO05', null, '2026-03-28', 'Out of Service', 0.0, 0.0, null, 0.0, null, null),
  ('LMS-FL27', 'Forklift', 'Material Handling', 'GT155 DS BASIC GT-155 UL-DS', 'Taylor', null, '2020', null, 'XGT-1318D-0274-10034KF', null, 'LMS - Mall Lot', 'LMS-FL27', null, '2026-04-03', 'Operable', 0.0, 0.0, null, 0.0, null, null),
  ('LMS-FL29', 'Forklift', 'Material Handling', 'GT155 DS BASIC GT-155 UL-DS', 'Taylor', null, '2020', null, 'XGT-1318D-0347-10034KF', null, 'LMS - Mall Lot', 'LMS-FL29', null, '2026-01-19', 'Operable', 0.0, 0.0, null, 0.0, null, null),
  ('LMS-RO06', 'Roll Off Truck', 'Load Transport', '2009 Peterbilt 388 Stock#60039', 'Peterbilt', '388 Stock#60039 Load', '2017', null, '1XPWD4EX39D783332', '3876CV', 'LMS - Mall Lot', 'LMS-RO06', null, '2026-05-18', 'Out of Service', 0.0, 0.0, null, 0.0, null, null),
  ('LMS-WC04', 'Wood Chipper', 'Forestry &LandscapingEquipment', '2018 MORBARK BEEVER™ M18R-SA', 'Morbark', 'BEEVER', '2018', null, '4S8SZ1921JW052402', 'TR5277', 'LMS - Mall Lot', 'LMS-WC04', null, '2026-04-04', 'Operable', 0.0, 0.0, null, 0.0, null, null),
  ('LMS-SV02', 'Truck', null, 'Westrux 2019 CV515 4x2 with ServiceBody 1HTKSSWK7KH207094 Fleet Service Truck INTERNATIONAL CV515 SFA 4X2 1HTKSSWK7KH207094 4144CV', 'International', 'CV515 SFA 4X2', '2020', null, '1HTKSSWK7KH207094', '4144CV', 'LMS - Mall Lot', 'LMS-SV02', null, '2026-04-03', 'For Repair', 0.0, 0.0, null, 0.0, null, null),
  ('LMS-TA02', 'Trailer', 'Load Transport', 'Reitnouer - Maxmiser 45ft Trailer', null, null, '2020', null, '1RNF45A25MR055327', 'TR5995', 'LMS - Mall Lot', 'LMS-TA02', null, '2026-04-03', 'For Repair', 0.0, 0.0, null, 0.0, null, null),
  ('LMS-TA03', 'Trailer', 'Load Transport', 'Reitnouer - Maxmiser 45ft Trailer', null, null, '2020', null, '1RNF45A23MR055326', 'TR5901', 'LMS - Mall Lot', 'LMS-TA03', null, '2026-04-03', 'For Repair', 0.0, 0.0, null, 0.0, null, null),
  ('LMS-TA05', 'Trailer', 'Load Transport', 'Reitnouer - Maxmiser 45ft Trailer', null, null, '2020', null, '1RNF45A29MR055329', 'TR5997', 'LMS - Mall Lot', 'LMS-TA05', null, '2026-04-03', 'For Repair', 0.0, 0.0, null, 0.0, null, null),
  ('LMS-TA06', 'Trailer', 'Load Transport', 'Reitnouer - Maxmiser 45ft Trailer', null, null, '2020', null, '1RNF45A27MR055331', 'TR5999', 'LMS - Mall Lot', 'LMS-TA06', null, '2026-05-18', 'Operable', 0.0, 0.0, null, 0.0, null, null),
  ('LMS-BR02', 'Forestry &LandscapingEquipment', 'Forestry &LandscapingEquipment', '600HDU-61550 - Barber Surf rake', null, null, '2018', null, '600HDU-61550', null, 'LMS - Hyatt', 'LMS-BR02', null, '2026-03-26', 'Operable', 0.0, 0.0, null, 0.0, null, null),
  ('LMS-BU01', 'Truck', 'Service Vehicle', '2002 Bucket Truck', 'International', null, '2015', null, 'HTMMAAP12H541704', null, 'LMS - Mall Lot', 'LMS-BU01', null, '2026-04-03', 'For Repair', 0.0, 0.0, null, 0.0, null, null),
  ('LMS-FV11', 'Equipment', null, '2008 Wrangler Jeep Fleet Fleet Vehicle TL3830', null, null, '2009', null, null, null, 'LMS - Mall Lot', 'LMS-FV11', null, '2026-04-03', 'For Repair', 0.0, 0.0, null, 0.0, null, null),
  ('LMS-DT06', 'Dump Truck', 'Load Transport', 'Dumptruck 2003 International 43004x2, DT466, 230hp,', 'International', '43004x2', '2016', null, '1HTMMAAL93H583696', '2579CV', 'LMS - Mall Lot', 'LMS-DT06', null, '2026-04-03', 'For Repair', 0.0, 0.0, null, 0.0, null, null),
  ('LMS-DT07', 'Dump Truck', 'Load Transport', 'Dump Body 2002 International 43004x2, DT466, 230hp,', 'International', '43004x2', '2016', null, '1HTMMAAL72H549903', '2587CV', 'LMS - GWM', 'LMS-DT07', null, '2026-04-03', 'Operable', 0.0, 0.0, null, 0.0, null, null),
  ('LMS-WC06', 'Wood Chipper', 'Forestry &LandscapingEquipment', '1 Chipper 100hp: Rayco RC1220-21', 'Rayco', 'RC1220-21 Forestry', '2015', null, null, 'TR4548', 'LMS - Mall Lot', 'LMS-WC06', null, '2026-04-03', 'Out of Service', 0.0, 0.0, null, 0.0, null, null),
  ('LMS-SU01', 'Forestry &LandscapingEquipment', 'Forestry &LandscapingEquipment', 'RG45X Super Jr Self-Propelled StumpCutter w/ Swing-Out Controls', 'Rayco', null, '2018', null, 'RG45X0741218', null, 'LMS - Mall Lot', 'LMS-SU01', null, '2026-05-12', 'Operable', 0.0, 0.0, null, 0.0, null, null),
  ('LMS-FL35', 'Forklift', 'Material Handling', 'P45840 - S30 Clark', null, null, '2020', null, null, null, 'PFM - Facilities', 'LMS-FL35', null, '2026-02-04', 'Operable', 0.0, 0.0, null, 0.0, null, null),
  ('LMS-FL36', 'Forklift', 'Material Handling', 'P45841 - S30 Clark', null, null, '2020', null, null, null, 'LMS - Mall Lot', 'LMS-FL36', null, '2026-04-20', 'Operable', 0.0, 0.0, null, 0.0, null, null),
  ('LMS-FL37', 'Forklift', 'Material Handling', 'P45842 - S30 Clark', null, null, '2020', null, null, null, 'LMS - Mall Lot', 'LMS-FL37', null, '2026-03-28', 'Operable', 0.0, 0.0, null, 0.0, null, null),
  ('LMS-FL38', 'Forklift', 'Material Handling', 'P45843 - S30 Clark', null, null, '2020', null, null, null, 'LMS - Mall Lot', 'LMS-FL38', null, '2026-04-03', 'Operable', 0.0, 0.0, null, 0.0, null, null),
  ('LMS-FL39', 'Forklift', 'Material Handling', 'P45844 - S30 Clark', null, null, '2020', null, null, null, 'LMS - Mall Lot', 'LMS-FL39', null, '2026-04-03', 'Operable', 0.0, 0.0, null, 0.0, null, null),
  ('LMS-FL40', 'Forklift', 'Material Handling', 'P45845 - S30 Clark', null, null, '2020', null, null, null, 'LMS - Mall Lot', 'LMS-FL40', null, '2026-04-03', 'Operable', 0.0, 0.0, null, 0.0, null, null),
  ('LMS-FL41', 'Forklift', 'Material Handling', 'P45846 - S30 Clark', null, null, '2020', null, null, null, 'LMS - AndersenHousing Phase7&8', 'LMS-FL41', null, '2026-03-28', 'Operable', 0.0, 0.0, null, 0.0, null, null),
  ('LMS-FL42', 'Forklift', 'Material Handling', 'P45847 - S30 Clark', null, null, '2020', null, null, null, 'LMS - Mall Lot', 'LMS-FL42', null, '2026-04-03', 'Operable', 0.0, 0.0, null, 0.0, null, null),
  ('LMS-FL43', 'Forklift', 'Material Handling', 'P45848 - S30 Clark', null, null, '2020', null, null, null, 'LMS - Mall Lot', 'LMS-FL43', null, '2026-04-03', 'Operable', 0.0, 0.0, null, 0.0, null, null),
  ('LMS-FL44', 'Forklift', 'Material Handling', 'P45849 - S30 Clark', null, null, '2020', null, null, null, 'LMS - Mall Lot', 'LMS-FL44', null, '2025-12-05', 'Operable', 0.0, 0.0, null, 0.0, null, null),
  ('LMS-FL45', 'Forklift', 'Material Handling', 'P45850 - S30 Clark', null, null, '2020', null, null, null, 'LMS - Mall Lot', 'LMS-FL45', null, '2025-11-19', 'Operable', 0.0, 0.0, null, 0.0, null, null),
  ('LMS-FL46', 'Forklift', 'Material Handling', 'P45851 - S30 Clark', null, null, '2020', null, null, null, 'LMS - Mall Lot', 'LMS-FL46', null, '2026-01-19', 'Operable', 0.0, 0.0, null, 0.0, null, null),
  ('LMS-TC04', 'Forestry &LandscapingEquipment', 'Forestry &LandscapingEquipment', 'Kubota MX52 DT Tractors', null, null, '2015', null, null, null, 'LMS - Mall Lot', 'LMS-TC04', null, '2026-04-03', 'For Repair', 0.0, 0.0, null, 0.0, null, null),
  ('LMS-TT05', 'Forestry &LandscapingEquipment', 'Forestry &LandscapingEquipment', 'Kubota Tractor M7040', null, null, '2011', null, 'M7040SUD68805', '989SEQ', 'LMS - Mall Lot', 'LMS-TT05', null, '2025-08-01', 'For Repair', 0.0, 0.0, null, 0.0, null, null),
  ('LMS-TA14', 'Trailer', 'Load Transport', 'New 2020 Transcraft Flatbed VIN 2990', 'Transcraft', 'Flatbed VIN 2990Load', '2020', null, '1TTF482S4L3202990', 'TR5987', 'LMS - Mall Lot', 'LMS-TA14', null, '2026-04-20', 'Operable', 0.0, 0.0, null, 0.0, null, null),
  ('LMS-TA18', 'Trailer', 'Load Transport', 'New 2020 Transcraft Flatbed VINITTF4823L3189312 LP:TR5978', 'Transcraft', 'Flatbed VINITTF4823L3189312 LP', '2020', null, '1TTF482S3L3189312', 'TR5978', 'LMS - Mall Lot', 'LMS-TA18', null, '2026-04-25', 'Operable', 0.0, 0.0, null, 0.0, null, null),
  ('LMS-TA24', 'Trailer', 'Load Transport', 'New 2020 Transcraft Flatbed VIN 2984', 'Transcraft', 'Flatbed VIN 2984Load', '2020', null, '1TTF482S9L3202984', 'TR5983', 'LMS - Mall Lot', 'LMS-TA24', null, '2026-04-03', 'Operable', 0.0, 0.0, null, 0.0, null, null),
  ('LMS-TA28', 'Trailer', 'Load Transport', 'New 2020 Transcraft Flatbed VIN 3109', 'Transcraft', 'Flatbed VIN 3109Load', '2020', null, '1TTF482S1L3203109', 'TR5989', 'LMS - ECC -P-103 WaterWell Field', 'LMS-TA28', null, '2026-03-28', 'Operable', 0.0, 0.0, null, 0.0, null, null),
  ('LMS-TA31', 'Trailer', 'Load Transport', 'New 2019 Transcraft Flatbed VIN#1TTF482S1K3141046', 'Transcraft', null, '2018', null, '1TTF482S1K3141046', null, 'LMS - Mall Lot', 'LMS-TA31', null, '2026-03-28', 'For Repair', 0.0, 0.0, null, 0.0, null, null),
  ('LMS-TA32', 'Trailer', 'Load Transport', 'New 2019 Transcraft Flatbed VIN#ITTF482S5K3141051', 'Transcraft', 'Flatbed VIN#ITTF482S5K3141051 Load', '2018', null, 'Transcraft', 'TR5264', 'LMS - Mall Lot', 'LMS-TA32', null, '2026-03-28', 'Operable', 0.0, 0.0, null, 0.0, null, null),
  ('LMS-WD01', 'Equipment', null, 'Westrux FURNISH AND INSTALL (1)EALINCOLN RANGER 330 MPX WELDER &(1)EA INGERSOLL-RANDCOMPRESSO... Miscellaneous Welder 426012UEVD75', null, null, '2020', null, '426012UEVD75', null, 'LMS - GWM', 'LMS-WD01', null, '2025-12-26', 'Operable', 0.0, 0.0, null, 0.0, null, null),
  ('LMS-TC12', 'Forestry &LandscapingEquipment', 'Forestry &LandscapingEquipment', '17491 CK3510 HST w/Rops BaseTractor', null, null, '2016', null, null, null, 'LMS - Nursery', 'LMS-TC12', null, '2026-04-28', 'Operable', 0.0, 0.0, null, 0.0, null, null),
  ('LMS-CO05', 'Excavator', 'Accessories andAttachments', 'ELEPHANT'' VIBRATORY ROLLERESDA-600 9EXCAVATOR ATTACHMENT)Without Piping Kit', null, null, '2023', null, 'andAttachments', null, 'LMS - Mall Lot', 'LMS-CO05', null, '2025-10-29', 'For Repair', 0.0, 0.0, null, 0.0, null, null),
  ('LMS-UT09', 'Forestry &LandscapingEquipment', 'Forestry &LandscapingEquipment', 'UTV K9 2400 ORANGE', null, null, '2019', null, 'K92400SWWYD100102', null, 'LMS - GWM', 'LMS-UT09', null, '2026-03-28', 'Operable', 0.0, 0.0, null, 0.0, null, null),
  ('LMS-FL49', 'Forklift', 'Material Handling', 'Noblelift Material Handling Forklift JCTC24052', null, null, '2022', null, null, null, 'LMS - AndersenHousingReplacement 7 &8', 'LMS-FL49', null, '2025-10-29', 'Operable', 0.0, 0.0, null, 0.0, null, null),
  ('LMS-AT55', 'Attachment', 'Accessories andAttachments', 'Dymax Grapple', null, null, '2015', null, 'DX-GL-H-360-HX-20T', null, 'LMS - AndersenHousing Phase7&8', 'LMS-AT55', null, '2026-04-27', 'Operable', 0.0, 0.0, null, 0.0, null, null),
  ('LMS-AT64', 'Attachment', 'Accessories andAttachments', 'A22 Hydraulic Breaker Spare Parts', null, null, '2023', null, 'andAttachments', null, 'LMS - Mall Lot', 'LMS-AT64', null, '2026-03-28', 'Operable', 0.0, 0.0, null, 0.0, null, null),
  ('LMS-AT79', 'Compactor', 'Accessories andAttachments', 'Mounting Bracket for A20C Compactor', null, null, '2023', null, 'andAttachments', null, 'LMS - Mall Lot', 'LMS-AT79', null, '2026-03-20', 'Operable', 0.0, 0.0, null, 0.0, null, null),
  ('LMS-FT04', 'Truck', null, '1998 INTERNATIONAL NAVISTAR Truck Flatbed Truck International Navistar 4700 4x2 1HTSCAAN0XH635122 57CV', 'International', 'NAVISTAR Truck Flatbed', null, null, '1HTSCAAN0XH635122', null, 'P-306', 'LMS-FT04', null, '2026-04-03', 'Operable', 0.0, 0.0, null, 0.0, null, null),
  ('LMS-BH06', 'Backhoe', 'Earth Moving', '102B PK HIDROMEK BACKHOE', 'Hidromek', 'BACKHOE Earth Moving', '2021', null, 'CD4045L3K4485', null, 'LMS - AndersenHousingReplacement 7 &8', 'LMS-BH06', null, '2026-04-03', 'Operable', 0.0, 0.0, null, 0.0, null, null),
  ('LMS-EX24', 'Excavator', 'Earth Moving', 'Komatsu P-200-9 Excavator', null, null, null, null, null, 'P-200', 'LMS - Mall Lot', 'LMS-EX24', null, '2025-12-26', 'For Repair', 0.0, 0.0, null, 0.0, null, null),
  ('LMS-EX25', 'Excavator', 'Earth Moving', 'Komatsu P-200-8 Excavator', null, null, null, null, null, 'P-200', 'LMS - PitiGreenwaste', 'LMS-EX25', null, '2025-12-26', 'Operable', 0.0, 0.0, null, 0.0, null, null),
  ('LMS-CR03', 'Crushing Machinery', 'Crushing Machinery', 'RM 120X Compact Crusher', null, null, '2024', null, null, null, 'LMS - AndersenHousingReplacement 7 &8', 'LMS-CR03', null, '2025-12-26', 'Operable', 0.0, 0.0, null, 0.0, null, null),
  ('LMS-DZ03', 'Dozer', 'Earth Moving', 'DRESSTA TD-25M EXTRA', 'Dressta', 'TD-25M EXTRA Earth', '2019', null, null, null, 'LMS - AndersenHousing Phase7&8', 'LMS-DZ03', null, '2026-04-03', 'Operable', 0.0, 0.0, null, 0.0, null, null),
  ('LMS-EX26', 'Excavator', 'Earth Moving', 'Doosan DX225LC', 'Doosan', 'DX225LC Earth Moving', null, null, 'DHKCEBADKA0006160', null, 'Route 3 Quarry', 'LMS-EX26', null, '2026-02-03', 'For Repair', 0.0, 0.0, null, 0.0, null, null),
  ('LMS-PC02', 'Equipment', null, 'Power Curber Power Curber 5700DMAX Power Curber Power Curber 5700 DMAX57D02-22-0543211', null, null, null, null, 'DMAX57D02-22-0543211', null, 'LMS - Mall Lot', 'LMS-PC02', null, '2026-04-03', 'For Repair', 0.0, 0.0, null, 0.0, null, null),
  ('LMS-LB06', 'Lowboy Trailer', null, 'Trail King Lowboy Trailer TK110SA Trail King TK110SA 1TKA04839MM095336 TR6017', null, null, null, null, '1TKA04839MM095336', 'TR6017', 'LMS - Mall Lot', 'LMS-LB06', null, '2026-04-03', 'Operable', 0.0, 0.0, null, 0.0, null, null),
  ('LMS-GN42', 'Generator', null, 'World Class Silent GeneratorGenerator 20ESX Generator 20ESX 20ESX2204010061', null, null, null, null, '20ESX2204010061', null, 'LMS - Mall Lot', 'LMS-GN42', null, '2026-04-03', 'For Repair', 0.0, 0.0, null, 0.0, null, null),
  ('LMS-GN43', 'Generator', null, 'World Class Silent GeneratorGenerator 25ESX Generator 25ESX 25ESX2312113270', null, null, null, null, '25ESX2312113270', null, 'Big Navy', 'LMS-GN43', null, '2026-04-03', 'Operable', 0.0, 0.0, null, 0.0, null, null),
  ('LMS-GN44', 'Generator', null, 'World Class Silent GeneratorGenerator 35ESX Generator 35ESX 35ESX2204010064', null, null, null, null, '35ESX2204010064', null, 'LMS - Mall Lot', 'LMS-GN44', null, '2026-04-03', 'Operable', 0.0, 0.0, null, 0.0, null, null),
  ('LMS-GN45', 'Generator', null, 'World Class Silent GeneratorGenerator 70ESX Generator 70ESX 70ESX2204010071', null, null, null, null, '70ESX2204010071', null, 'LMS - Mall Lot', 'LMS-GN45', null, '2026-03-28', 'Operable', 0.0, 0.0, null, 0.0, null, null),
  ('LMS-GN46', 'Generator', null, 'World Class Silent GeneratorGenerator 70ESX Generator 70ESX 70ESX2204010072', null, null, null, null, '70ESX2204010072', null, 'LMS - UOGGenerator', 'LMS-GN46', null, '2026-03-28', 'Operable', 0.0, 0.0, null, 0.0, null, null),
  ('LMS-GN47', 'Generator', null, 'World Class Silent GeneratorGenerator 70ESX Generator 70ESX 70ESX2204010070', null, null, null, null, '70ESX2204010070', null, 'LMS - Mall Lot', 'LMS-GN47', null, '2026-04-04', 'For Repair', 0.0, 0.0, null, 0.0, null, null),
  ('LMS-GN50', 'Generator', null, 'Wanco Generator Generator Wanco 431584', 'Wanco', 'Generator Generator Wanco', null, null, null, null, 'LMS - Mall Lot', 'LMS-GN50', null, '2026-04-04', 'Out of Service', 0.0, 0.0, null, 0.0, null, null),
  ('LMS-FT05', 'Fuel Truck', null, 'Isuzu Motors Fuel Truck (Purple FuelTruck) Fuel Truck Isuzu Motors JALC4W167H7K00379 2012CV', 'Isuzu', 'Motors Fuel Truck', null, null, 'JALC4W167H7K00379', '2012CV', 'LMS - AndersenHousingReplacement 7 &8', 'LMS-FT05', null, '2026-04-04', 'Operable', 0.0, 0.0, null, 0.0, null, null),
  ('LMS-CO13', 'Compactor', null, 'Furd Road Roller FYL-S600T Compactor Furd FYL-S600T VR2305186001', 'Furd', 'Road Roller FYL-S600T', null, null, 'VR2305186001', null, 'LMS - Mall Lot', 'LMS-CO13', null, '2026-03-31', 'Out of Service', 0.0, 0.0, null, 0.0, null, null),
  ('LMS-BH13', 'Loader Backhoe', null, 'Terex Loader Backhoe 760B Loader Backhoe Terex 760B SMFH44TCO9DHS771', null, null, null, null, null, null, 'LMS - Mall Lot', 'LMS-BH13', null, '2026-03-28', 'Out of Service', 0.0, 0.0, null, 0.0, null, null),
  ('LMS-BH14', 'Loader Backhoe', null, 'Terex Loader Backhoe 760B Loader Backhoe Terex 760B 58709', null, null, null, null, null, null, 'LMS - Mall Lot', 'LMS-BH14', null, '2026-03-28', 'Out of Service', 0.0, 0.0, null, 0.0, null, null),
  ('LMS-TR15', 'Trailer', null, 'International Trailer Truck4300SBA4X2 Trailer Truck International 4300SBA4X2 1HTMMAAL43H583699 2586CV', 'International', 'Trailer Truck4300SBA4X2 Trailer', null, null, '1HTMMAAL43H583699', '2586CV', 'LMS - Mall Lot', 'LMS-TR15', null, '2026-05-18', 'Out of Service', 0.0, 0.0, null, 0.0, null, null),
  ('LMS-FT06', 'Fuel Truck', null, 'International Fuel Truck 46004X2 Fuel Truck International 46004X2 1HTSAZPMXLH241852 3561CV', 'International', 'Fuel Truck 46004X2', null, null, '1HTSAZPMXLH241852', '3561CV', 'LMS - Mall Lot', 'LMS-FT06', null, '2026-03-19', 'Out of Service', 0.0, 0.0, null, 0.0, null, null),
  ('LMS-FT12', 'Truck', null, 'International Flatbed Truck 4300SBA4X2 Flatbed Truck International 4300SBA 4X2 1HTMMAAL52H549902 4075CV', 'International', 'Flatbed Truck 4300SBA4X2', null, null, '1HTMMAAL52H549902', '4075CV', 'LMS - Mall Lot', 'LMS-FT12', null, '2026-03-28', 'Operable', 0.0, 0.0, null, 0.0, null, null),
  ('LMS-BH11', 'Backhoe', null, 'John Deere Backhoe Loader 410J Backhoe Loader John Deere 410J T0410JX158394 1063SEQ', null, null, null, null, 'T0410JX158394', null, 'LMS - Mall Lot', 'LMS-BH11', null, '2026-05-18', 'For Repair', 0.0, 0.0, null, 0.0, null, null),
  ('LMS-TC16', 'Equipment', null, 'Kubota Tractor M108SDSC Tractor Kubota M108SDSC M108SDSC71141 1052SEQ', null, null, null, null, 'M108SDSC71141', null, 'LMS - Mall Lot', 'LMS-TC16', null, '2026-05-18', 'For Repair', 0.0, 0.0, null, 0.0, null, null),
  ('LMS-FV106', 'Truck', null, 'Honda Mini Truck ACTY V-HA4 Mini Truck Honda ACTY V-HA4HA42090656 TU5788', null, null, null, null, 'V-HA4HA42090656', null, 'LMS - Mall Lot', 'LMS-FV106', null, '2026-01-28', 'For Repair', 0.0, 0.0, null, 0.0, null, null),
  ('LMS-FV100', 'Equipment', null, 'Honda 4DR Sedan 4DR Sedan Honda Life JA4-5041207 MT6334', null, null, null, null, 'JA4-5041207', null, 'LMS - Mall Lot', 'LMS-FV100', null, '2026-03-28', 'For Repair', 0.0, 0.0, null, 0.0, null, null),
  ('LMS-FV99', 'Equipment', null, 'Subaru Mini Pickup Sambar Mini Pickup Subaru Sambar KS4151539 BR5621', null, null, null, null, null, null, 'LMS - Mall Lot', 'LMS-FV99', null, '2024-01-31', 'For Repair', 0.0, 0.0, null, 0.0, null, null),
  ('LMS-FV105', 'Equipment', null, 'Subaru Mini Pickup Sambar Mini Pickup Subaru Sambar KS4167222 BR5618', null, null, null, null, null, null, 'LMS - Mall Lot', 'LMS-FV105', null, '2026-03-28', 'For Repair', 0.0, 0.0, null, 0.0, null, null),
  ('LMS-FV104', 'Truck', null, 'Ford Pickup Truck F150 Pickup Truck Ford F150 1FTEW1C8XAFD00607 OR686', 'Ford', 'Pickup Truck F150', null, null, '1FTEW1C8XAFD00607', null, 'LMS - Mall Lot', 'LMS-FV104', null, '2026-03-28', 'For Repair', 0.0, 0.0, null, 0.0, null, null),
  ('LMS-GN52', 'Generator', null, 'Kohler Generator CH730 Generator Kohler CH730 4614900971', null, null, null, null, '4614900971', null, 'LMS - Mall Lot', 'LMS-GN52', null, '2026-04-21', 'Out of Service', 0.0, 0.0, null, 0.0, null, null),
  ('LMS-VA02', 'Equipment', null, 'Ford Van E-350 XLT Van Ford E-350 XLT 1FBNE3BL8CDA77121 AN1900', 'Ford', 'Van E-350 XLT', null, null, '1FBNE3BL8CDA77121', null, 'LMS - Mall Lot', 'LMS-VA02', null, '2026-05-04', 'For Repair', 0.0, 0.0, null, 0.0, null, null),
  ('LMS-FV90', 'Truck', null, 'Kenworth Truck Truck Kenworth 2NKHHM6X4LM380828 4124CV', 'Kenworth', 'Truck Truck Kenworth', null, null, '2NKHHM6X4LM380828', '4124CV', 'LMS - Mall Lot', 'LMS-FV90', null, '2026-03-28', 'Operable', 0.0, 0.0, null, 0.0, null, null),
  ('LMS-SW03', 'Truck', null, 'GMC Sweeper Truck TC30903 Sweeper Truck Sweeper Truck GMC TC30903 1GD01XEG7FZ556754 YG6205', null, null, null, null, '1GD01XEG7FZ556754', null, 'LMS - Mall Lot', 'LMS-SW03', null, '2025-12-26', 'Operable', 0.0, 0.0, null, 0.0, null, null),
  ('LMS-PT02', 'Truck', null, 'International Pump Truck 4400 SBA4X2 Pump Truck International 4400 SBA 4X2 1HTMKAAR24H614590 1255CV', 'International', 'Pump Truck 4400', '2004', null, '1HTMKAAR24H614590', '1255CV', 'LMS - Mall Lot', 'LMS-PT02', null, '2026-05-18', 'For Repair', 0.0, 0.0, null, 0.0, null, null),
  ('LMS-SS05', 'Skid Steer', null, 'Bobcat Compact Skid Steer S185 Skid Steer Bobcat S185 530314145', 'Bobcat', 'Compact Skid Steer', null, null, null, null, 'LMS - PitiGreenwaste', 'LMS-SS05', null, '2026-01-28', 'Operable', 0.0, 0.0, null, 0.0, null, null),
  ('LMS-TR13', 'Tractor Truck', null, 'Navistar Tractor Truck 8600 SBA 4X2 Tractor Truck Navistar 8600 SBA 4X2 1HSHXAHR49J052382 2910CV', null, null, null, null, '1HSHXAHR49J052382', '2910CV', 'LMS - Mall Lot', 'LMS-TR13', null, '2026-04-22', 'For Repair', 0.0, 0.0, null, 0.0, null, null),
  ('LMS-TA71', 'Trailer', null, 'Dragon Double Conical Aluminum TankTrailer Dragon 130BBL 1UNST4221ML153902 TR 6623', null, null, null, null, '1UNST4221ML153902', null, 'LMS - AndersenHousingReplacement 7 &8', 'LMS-TA71', null, '2026-04-03', 'Operable', 0.0, 0.0, null, 0.0, null, null),
  ('LMS-GN54', 'Generator', null, 'World Class Silent GeneratorGenerator 70ESX Generator 70ESX 70ESX2204010067', null, null, null, null, '70ESX2204010067', null, 'LMS - Mall Lot', 'LMS-GN54', null, '2026-04-04', 'For Repair', 0.0, 0.0, null, 0.0, null, null),
  ('LMS-SD03', 'Equipment', null, 'HAAS Shredder Tyron 1500 2.0 Shredder HAAS Tyron 1500 2.0 33575', null, null, null, null, null, null, 'LMS - Mall Lot', 'LMS-SD03', null, '2026-04-03', 'Operable', 0.0, 0.0, null, 0.0, null, null),
  ('LMS-GN55', 'Generator', null, 'World Class Silent GeneratorGenerator 35ESX Generator 35ESX 35ESX2204010065', null, null, null, null, '35ESX2204010065', null, 'LMS - Mall Lot', 'LMS-GN55', null, '2026-04-21', 'Operable', 0.0, 0.0, null, 0.0, null, null),
  ('LMS-GN56', 'Generator', null, 'World Class Silent GeneratorGenerator 70ESX Generator 70ESX 70ESX2204010068', null, null, null, null, '70ESX2204010068', null, 'LMS - Mall Lot', 'LMS-GN56', null, '2026-04-03', 'Operable', 0.0, 0.0, null, 0.0, null, null),
  ('LMS-FL53', 'Forklift', null, 'Nissan Forklift Forklift Nissan F01A15V', null, null, null, null, null, null, 'LMS - Mall Lot', 'LMS-FL53', null, '2025-10-06', 'For Repair', 0.0, 0.0, null, 0.0, null, null),
  ('LMS-CO14', 'Compactor', null, 'FURD Road Roller FYL-G800 Compactor FURD FYL-G800 VR2305188001', 'Furd', 'Road Roller FYL-G800', null, null, 'VR2305188001', null, 'LMS - Mall Lot', 'LMS-CO14', null, '2026-05-05', 'Out of Service', 0.0, 0.0, null, 0.0, null, null),
  ('LMS-TC25', 'Equipment', null, 'Ventrac Tractor 4500P Tractor Ventrac 4500P 4500P-AJ15135', 'Ventrac', 'Tractor 4500P Tractor', null, null, '4500P-AJ15135', null, 'LMS - Mall Lot', 'LMS-TC25', null, '2026-04-03', 'For Repair', 0.0, 0.0, null, 0.0, null, null),
  ('LMS-PL01', 'Equipment', null, 'Vermeer Pipeline Trencher T855 Pipeline Trencher Vermeer T855 1VRU210E8Y1000119', null, null, null, null, '1VRU210E8Y1000119', null, 'LMS - Mall Lot', 'LMS-PL01', null, '2024-01-27', 'For Repair', 0.0, 0.0, null, 0.0, null, null),
  ('LMS-TC27', 'Equipment', null, 'Komatsu Tractor D31P-20 Tractor Komatsu D31P-20 47469', null, null, null, null, null, null, 'LMS - Mall Lot', 'LMS-TC27', null, '2026-03-28', 'For Repair', 0.0, 0.0, null, 0.0, null, null),
  ('LMS-BT05', 'Box Truck', null, 'International Box Truck ProStarPremium 6X4 Box Truck International ProStar Premium6X4 2HSCUAPRXAC185025 2913CV', 'International', 'Box Truck ProStarPremium', null, null, '2HSCUAPRXAC185025', '2913CV', 'LMS - Mall Lot', 'LMS-BT05', null, '2025-08-06', 'For Repair', 0.0, 0.0, null, 0.0, null, null),
  ('LMS-TA47', 'Trailer', null, 'Chameleon Innovations Trailer Trailer Chameleon Innovations 1TTF482S7M3263851 TR6559', null, null, null, null, '1TTF482S7M3263851', 'TR6559', 'LMS - Mall Lot', 'LMS-TA47', null, '2026-05-04', 'For Repair', 0.0, 0.0, null, 0.0, null, null),
  ('LMS-TA48', 'Trailer', null, 'Chameleon Innovations Trailer Trailer Chameleon Innovations 1TTF482S7L3198580 TR6563', null, null, '2020', null, '1TTF482S7L3198580', 'TR6563', 'LMS - Mall Lot', 'LMS-TA48', null, '2026-03-28', 'For Repair', 0.0, 0.0, null, 0.0, null, null),
  ('LMS-TA49', 'Trailer', null, 'Chameleon Innovation Trailer Trailer Chameleon Innovation 1TTF482S3L3198575 TR6561', null, null, null, null, '1TTF482S3L3198575', 'TR6561', 'LMS - Mall Lot', 'LMS-TA49', null, '2024-01-31', 'For Repair', 0.0, 0.0, null, 0.0, null, null),
  ('LMS-TA50', 'Trailer', null, 'Chameleon Innovation Trailer Trailer Chameleon Innovation 1TTF482S0M3263853 TR5991', null, null, null, null, '1TTF482S0M3263853', 'TR5991', 'LMS - Mall Lot', 'LMS-TA50', null, '2026-04-20', 'For Repair', 0.0, 0.0, null, 0.0, null, null),
  ('LMS-TA52', 'Trailer', null, 'Chameleon Innovation Trailer LP#TR6563 Trailer Transcraft 554S 1TTF482S5L3198576', 'Transcraft', null, '2020', null, '1TTF482S5L3198576', 'TR6563', 'LMS - Mall Lot', 'LMS-TA52', null, '2026-04-20', 'For Repair', 0.0, 0.0, null, 0.0, null, null),
  ('LMS-DT12', 'Dump Truck', null, 'Western Star Dump Truck 5964SS Dump Truck Western Star 5964SS 2WKRDDCH1WK952972 866CV', null, null, null, null, '2WKRDDCH1WK952972', '866CV', 'LMS - Mall Lot', 'LMS-DT12', null, '2026-03-28', 'For Repair', 0.0, 0.0, null, 0.0, null, null),
  ('LMS-TA53', 'Trailer', null, 'Chameleon Innovations Trailer Trailer Chameleon Innovations 1TTF482S0L3202985 TR5984', null, null, null, null, '1TTF482S0L3202985', 'TR5984', 'LMS - Mall Lot', 'LMS-TA53', null, '2026-03-28', 'For Repair', 0.0, 0.0, null, 0.0, null, null),
  ('LMS-TA54', 'Trailer', null, 'Chameleon Innovations Trailer Trailer Chameleon Innovations 1TTF482SXL3203108 TR5993', null, null, null, null, '1TTF482SXL3203108', 'TR5993', 'LMS - Mall Lot', 'LMS-TA54', null, '2026-04-03', 'For Repair', 0.0, 0.0, null, 0.0, null, null),
  ('LMS-TA56', 'Trailer', null, 'Chameleon Innovations Trailer 554S48X102 Trailer Chameleon Innovations 554S 48X102 1TTF482S6L3202988 TR5985', null, null, null, null, '1TTF482S6L3202988', 'TR5985', 'LMS - Mall Lot', 'LMS-TA56', null, '2026-04-03', 'Operable', 0.0, 0.0, null, 0.0, null, null),
  ('LMS-TR16', 'Trailer', null, 'Ranco Anvil Debris Trailer Debris Trailer Ranco Anvil 591SD3029JR156719 TR4953', null, null, null, null, '591SD3029JR156719', 'TR4953', 'LMS - Mall Lot', 'LMS-TR16', null, '2026-04-20', 'Operable', 0.0, 0.0, null, 0.0, null, null),
  ('LMS-TA57', 'Trailer', null, 'Chameleon Innovations Trailer 554S48X103 Trailer Chameleon Innovations 554S 48X103 1TTF482S9M3263852 TR5990', null, null, null, null, '1TTF482S9M3263852', 'TR5990', 'LMS - Mall Lot', 'LMS-TA57', null, '2025-10-29', 'For Repair', 0.0, 0.0, null, 0.0, null, null),
  ('LMS-TA60', 'Trailer', null, 'Chameleon Innovations Trailer554S48X102 Trailer Chameleon Innovations 554S48X102 1TTF482S3L3197055 TR5975', null, null, null, null, '1TTF482S3L3197055', 'TR5975', 'LMS - Mall Lot', 'LMS-TA60', null, '2026-03-28', 'Operable', 0.0, 0.0, null, 0.0, null, null),
  ('LMS-TA67', 'Trailer', null, 'Chameleon Innovations Trailer 554S Trailer Chameleon Innovations 554S 1TTF482S0L3189316 TR5979', null, null, null, null, '1TTF482S0L3189316', 'TR5979', 'LMS - Mall Lot', 'LMS-TA67', null, '2025-10-29', 'Operable', 0.0, 0.0, null, 0.0, null, null),
  ('LMS-TA69', 'Trailer', null, 'Chameleon Innovations Trailer 554S Trailer Chameleon Innovations 554S 1TTF482S1L3189311 TR5994', null, null, null, null, '1TTF482S1L3189311', 'TR5994', 'LMS - Mall Lot', 'LMS-TA69', null, '2025-10-29', 'Operable', 0.0, 0.0, null, 0.0, null, null),
  ('LMS-TR14', 'Tractor Truck', null, 'NAVISTAR International 4700 4x2 Tractor Truck International 4700 4x2 1HTSCABM5YH255323 3123CV', 'International', '4700 4x2 Tractor', '2000', null, '1HTSCABM5YH255323', '3123CV', 'LMS - Mall Lot', 'LMS-TR14', null, '2025-10-29', 'For Repair', 0.0, 0.0, null, 0.0, null, null),
  ('LMS-GN57', 'Generator', null, 'WORLD CLASS SILENT GENERATOR22ESX Generator 22ESX 22ESX2105030215', null, null, null, null, '22ESX2105030215', null, 'LMS - Mall Lot', 'LMS-GN57', null, '2026-03-28', 'Operable', 0.0, 0.0, null, 0.0, null, null),
  ('LMS-BH07', 'Backhoe', null, 'HiDROMEK backhoe Backhoe Hidromek HMK 102 B HMK102BKJ2B290005', 'Hidromek', 'backhoe Backhoe Hidromek', '2019', null, 'HMK102BKJ2B290005', null, 'LMS - AndersenHousingReplacement 7 &8', 'LMS-BH07', null, '2024-01-31', 'Operable', 0.0, 0.0, null, 0.0, null, null),
  ('LMS-BT06', 'Box Truck', null, '2024 Isuzu NPR-HD Box Truck Isuzu NPR-HD JALC4W160R7018489 2715CV', 'Isuzu', 'NPR-HD Box Truck', '2024', null, 'JALC4W160R7018489', '2715CV', 'DZSP', 'LMS-BT06', null, '2026-03-28', 'Operable', 0.0, 0.0, null, 0.0, null, null),
  ('LMS-FT08', 'Fuel Truck', null, 'N/A International Tanker Truck White Fuel Truck Fuel Truck International 3HAEKTAT2 2758CV', 'International', 'Tanker Truck White', null, null, null, '2758CV', 'LMS - Mall Lot', 'LMS-FT08', null, '2024-01-31', 'Operable', 0.0, 0.0, null, 0.0, null, null),
  ('LMS-TA70', 'Trailer', null, 'Rayco Trailer trailer Rayco TRSJRWB1R9181115JW210078 TR5944', 'Rayco', 'Trailer trailer Rayco', '2018', null, 'TRSJRWB1R9181115JW210078', 'TR5944', 'LMS - Mall Lot', 'LMS-TA70', null, '2026-03-28', 'Operable', 0.0, 0.0, null, 0.0, null, null),
  ('LMS-FM05', 'Equipment', null, 'Rayco C100R mulcher 0231015', 'Rayco', 'C100R mulcher 0231015', '2015', null, null, null, 'South Tip', 'LMS-FM05', null, '2026-02-27', 'Operable', 0.0, 0.0, null, 0.0, null, null),
  ('LMS-GC01', 'Equipment', null, 'Electric Car Golf Cart LT-A8 LT-A0146689', null, null, '2023', null, 'LT-A0146689', null, 'SMB -PROFERRE', 'LMS-GC01', null, '2026-04-03', 'Operable', 0.0, 0.0, null, 0.0, null, null),
  ('LMS-GC02', 'Equipment', null, 'Electric Car Golf Cart LT-A4+2 LT-A0146787', null, null, '2023', null, 'LT-A0146787', null, 'LMS - Mall Lot', 'LMS-GC02', null, '2025-12-26', 'Operable', 0.0, 0.0, null, 0.0, null, null),
  ('LMS-GC03', 'Equipment', null, 'Electric Car Golf Cart LT-A617.2 +2G LT-A0147986', null, null, '2023', null, 'LT-A0147986', null, 'LMS - Mall Lot', 'LMS-GC03', null, '2026-04-20', 'Operable', 0.0, 0.0, null, 0.0, null, null),
  ('LMS-GC04', 'Equipment', null, 'Electric Car Golf Cart LT-A627.2G LT-A0147985', null, null, '2023', null, 'LT-A0147985', null, 'LMS - Mall Lot', 'LMS-GC04', null, '2026-05-12', 'Operable', 0.0, 0.0, null, 0.0, null, null),
  ('LMS-PD01', 'Equipment', null, 'Solar Panel Display Cart', null, null, '2020', null, null, null, 'LMS - Mall Lot', 'LMS-PD01', null, '2024-01-31', 'Operable', 0.0, 0.0, null, 0.0, null, null),
  ('LMS-PD02', 'Equipment', null, 'Solar Panel Display Cart Solar Panel', null, null, '2020', null, null, null, 'LMS - Mall Lot', 'LMS-PD02', null, '2026-04-03', 'Operable', 0.0, 0.0, null, 0.0, null, null),
  ('LMS-SO04', 'Equipment', null, 'Solar Panel Display Cart Solar Panel', null, null, '2020', null, null, null, 'LMS - Mall Lot', 'LMS-SO04', null, '2026-04-17', 'Operable', 0.0, 0.0, null, 0.0, null, null),
  ('LMS-LT20', 'Light Tower', null, 'Wanco Light Tower Light Tower Wanco WLTT FD-304 REVA 5F13D1010R1008234', 'Wanco', 'Light Tower Light', '2024', null, '5F13D1010R1008234', null, 'LMS - Mall Lot', 'LMS-LT20', null, '2026-04-03', 'Operable', 0.0, 0.0, null, 0.0, null, null),
  ('LMS-LT21', 'Light Tower', null, 'Wanco Light Tower Light Tower Wanco WLTT FD-304 REVA 5F13D1017R1008246', 'Wanco', 'Light Tower Light', '2024', null, '5F13D1017R1008246', null, 'LMS - Mall Lot', 'LMS-LT21', null, '2026-04-03', 'Operable', 0.0, 0.0, null, 0.0, null, null),
  ('LMS-LT22', 'Light Tower', null, 'Wanco Light Tower Light Tower Wanco WLTT FD-304 REVA 5F13D1018R1008238', 'Wanco', 'Light Tower Light', '2024', null, '5F13D1018R1008238', null, 'LMS - Mall Lot', 'LMS-LT22', null, '2025-10-29', 'Operable', 0.0, 0.0, null, 0.0, null, null),
  ('LMS-MD01', 'Mini Dump', null, 'Furd Mini Dump Mini Dump FURD FDT-800 FRD800JN250113002', 'Furd', 'Mini Dump Mini', null, null, 'FRD800JN250113002', null, 'P-306', 'LMS-MD01', null, '2026-03-28', 'Operable', 0.0, 0.0, null, 0.0, null, null),
  ('LMS-MD03', 'Mini Dump', null, 'Furd Mini Dump Mini Dump FURD FDT-500 FRD500JN250113001', 'Furd', 'Mini Dump Mini', null, null, 'FRD500JN250113001', null, 'LMS - Mall Lot', 'LMS-MD03', null, '2026-03-28', 'Operable', 0.0, 0.0, null, 0.0, null, null),
  ('LMS-GN59', 'Generator', null, 'Generac - Cant Locate Serial Generator Generac', null, null, null, null, null, null, 'LMS - Mall Lot', 'LMS-GN59', null, '2024-01-31', 'For Repair', 0.0, 0.0, null, 0.0, null, null),
  ('LMS-AT115', 'Attachment', null, 'Double Cylinder Attachment Attachment Henan Yugong MachineryYG-D290 YGA20240310', null, null, '2024', null, 'YGA20240310', null, 'LMS - Mall Lot', 'LMS-AT115', null, '2026-04-03', 'Operable', 0.0, 0.0, null, 0.0, null, null),
  ('LMS-AT118', 'Attachment', null, 'Hydraulic Breaker Attachment Attachment AY Heavy A8 082208201', null, null, '2022', null, 'Attachment', null, 'LMS - Mall Lot', 'LMS-AT118', null, '2025-10-29', 'Operable', 0.0, 0.0, null, 0.0, null, null),
  ('LMS-ST11', 'Stake Truck', 'Load Transport', 'Truck Stake - MV Quad Cab', 'International', null, '2020', null, '3HAEUMMN1ML629682', '4117CV', 'DZSP', 'LMS-ST11', null, '2025-10-29', 'Operable', 0.0, 0.0, null, 0.0, null, null),
  ('LMS-TA72', 'Trailer', null, 'Dragon Triaxle Trailer DRAGON ST-6 TRIAXLE 891SH3462UC158757 TR4952', null, null, '2018', null, '891SH3462UC158757', 'TR4952', 'LMS - Mall Lot', 'LMS-TA72', null, '2026-03-28', 'For Repair', 0.0, 0.0, null, 0.0, null, null),
  ('LMS-TL04', 'Material Handling', 'Material Handling', 'JCB Telehandler', 'Jcb', 'Telehandler Material Handling', null, null, 'JCB5CH7GLM2995443', null, 'LMS - Mall Lot', 'LMS-TL04', null, '2026-03-28', 'Operable', 0.0, 0.0, null, 0.0, null, null),
  ('LMS-ST13', 'Stake Truck', 'Load Transport', '2019 Ford F350', 'Ford', 'F350 Load Transport', '2019', null, '1FDRF3G64KEG28095', '522CV', 'LMS - Mall Lot[10]', 'LMS-ST13', null, '2026-03-28', 'Operable', 0.0, 0.0, null, 0.0, null, null),
  ('LMS-ST14', 'Stake Truck', 'Load Transport', '2019 Ford F350', 'Ford', 'F350 Load Transport', '2019', null, '1FDRF3G62KEG28094', '526CV', 'LMS - Mall Lot[11]', 'LMS-ST14', null, '2026-03-28', 'Operable', 0.0, 0.0, null, 0.0, null, null),
  ('LMS-FL61', 'Forklift', null, 'Hyster Forklift 3.0UT Forklift Hyster 3.0UT A3C1A17452X', 'Hyster', 'Forklift 3.0UT Forklift', null, null, 'A3C1A17452X', null, 'Harmonwarehouse', 'LMS-FL61', null, '2026-03-28', 'Operable', 0.0, 0.0, null, 0.0, null, null),
  ('LMS-GN61', 'Generator', null, 'World Class Silent GeneratorGenerator 35ESX Generator 35ESX 35ESX2204010063', null, null, null, null, '35ESX2204010063', null, 'LMS - Mall Lot', 'LMS-GN61', null, '2026-04-03', 'For Repair', 0.0, 0.0, null, 0.0, null, null),
  ('LMS-FM06', 'Forestry &LandscapingEquipment', 'Forestry &LandscapingEquipment', 'Crawler T360 Main ASM', 'Rayco', 'T360 0010118', '2018', null, null, null, 'LMS - Mall Lot', 'LMS-FM06', null, '2026-03-28', 'Operable', 0.0, 0.0, null, 0.0, null, null),
  ('LMS-HS03', 'Equipment', null, 'Bowie Hydro Mulcher H-1012Mulcher/Hydro Seederand parts Hydroseeder Bowie 110-526', null, null, null, null, 'H-1012Mulcher', null, 'P-306', 'LMS-HS03', null, '2026-03-28', 'Operable', 0.0, 0.0, null, 0.0, null, null),
  ('LMS-GN62', 'Generator', null, 'Dewalt Generator Generator Generator Dewalt PMC1665003 3008563827', null, null, null, null, 'PMC1665003', null, 'LMS - AndersenHousing Phase7&8', 'LMS-GN62', null, '2026-03-28', 'Operable', 0.0, 0.0, null, 0.0, null, null),
  ('LMS-AT120', 'Attachment', null, 'AY Heavy Industries A6 Attachment Attachment AY Heavy 063423503', null, null, null, null, 'Attachment', null, 'LMS - AndersenHousing Phase7&8', 'LMS-AT120', null, '2026-03-28', 'Operable', 0.0, 0.0, null, 0.0, null, null),
  ('LMS-FT11', 'Fuel Truck', null, 'Kenworth Fuel Truck Fuel Truck Fuel Truck T480 2NK5LJ0X7RM343418 LP4947', 'Kenworth', 'Fuel Truck Fuel', '2024', null, '2NK5LJ0X7RM343418', null, 'ISLAND CERT', 'LMS-FT11', null, '2026-03-28', 'Operable', 0.0, 0.0, null, 0.0, null, null),
  ('LMS-CO20', 'Compactor', null, 'FURD Plate Compactor C90 FPB-20 Plate Compactor FURD FPB-20', 'Furd', 'Plate Compactor C90', null, null, null, null, 'LMS - Mall Lot', 'LMS-CO20', null, '2026-03-28', 'For Repair', 0.0, 0.0, null, 0.0, null, null),
  ('LMS-CO26', 'Compactor', null, 'remote-controlled trench rollercompactor Compactor FURD FYL-R800 FRDR800JN25011301', 'Furd', null, null, null, 'FRDR800JN25011301', null, 'LMS - AndersenHousingReplacement 7 &8', 'LMS-CO26', null, '2024-01-31', 'Operable', 0.0, 0.0, null, 0.0, null, null),
  ('LMS-DT1311', 'Dump Truck', null, 'Furd Mini Dump Dump Truck FURD FDL-C360 FRD60JN250113001', 'Furd', 'Mini Dump Dump', null, null, 'FRD60JN250113001', null, 'LMS - ECC -P-103 WaterWell Field', 'LMS-DT1311', null, '2026-03-28', 'Operable', 0.0, 0.0, null, 0.0, null, null),
  ('LMS-AS01', 'Equipment', null, 'walk-behind asphalt spreader Asphalt Spreader FURD FS100 FRD100JN250113001', 'Furd', null, null, null, 'FRD100JN250113001', null, 'LMS - AndersenHousingReplacement 7 &8', 'LMS-AS01', null, '2026-03-28', 'Operable', 0.0, 0.0, null, 0.0, null, null),
  ('LMS-SCL01', 'Equipment', null, 'Noble Lift Scissor Lifts Scissor Lift Noble Lift SC1930EC-Li 91240800001', null, null, null, null, '91240800001', null, 'LMS - Mall Lot', 'LMS-SCL01', null, '2026-04-03', 'Operable', 0.0, 0.0, null, 0.0, null, null),
  ('LMS-GN63', 'Generator', null, 'World Class Silent GeneratorGenerator 20ESX Generator 20ESX 20ESX2204010062', null, null, null, null, '20ESX2204010062', null, 'P325, Camp Blaz', 'LMS-GN63', null, '2026-04-03', 'Operable', 0.0, 0.0, null, 0.0, null, null),
  ('LMS-FL63', 'Equipment', null, 'NobleLift Electric Order Picker Fork Lift Noble Lift OPH01E 90240900001', null, null, null, null, '90240900001', null, 'LMS - Mall Lot', 'LMS-FL63', null, '2026-05-04', 'Operable', 0.0, 0.0, null, 0.0, null, null),
  ('LMS-SCL02', 'Equipment', null, 'Noblelift Scissor Lifts Scissor Lift Noble Lift SC3945E-Li 91240800003', null, null, null, null, '91240800003', null, 'LMS - Mall Lot', 'LMS-SCL02', null, '2025-08-06', 'Operable', 0.0, 0.0, null, 0.0, null, null),
  ('LMS-GC05', 'Equipment', null, 'Electric Car Golf Cart LT-A827.2 LT-A0145717', null, null, '2023', null, 'LT-A0145717', null, 'LMS - Mall Lot', 'LMS-GC05', null, '2025-12-05', 'Operable', 0.0, 0.0, null, 0.0, null, null),
  ('LMS-GC06', 'Equipment', null, 'Electric Car Golf Cart LT-A827.2 LT-A0145737', null, null, '2023', null, 'LT-A0145737', null, 'LMS - Mall Lot', 'LMS-GC06', null, '2026-03-29', 'Operable', 0.0, 0.0, null, 0.0, null, null),
  ('LMS-FL65', 'Equipment', null, 'Noble Lift Electric Stacker 20240901241', null, null, null, null, '20240901241', null, 'LMS - Mall Lot', 'LMS-FL65', null, '2025-08-01', 'Operable', 0.0, 0.0, null, 0.0, null, null),
  ('LMS-FL66', 'Equipment', null, 'Noble Lift Electric Stacker IND231 C426316808', null, null, null, null, 'C426316808', null, 'LMS - Mall Lot', 'LMS-FL66', null, '2025-08-01', 'Operable', 0.0, 0.0, null, 0.0, null, null),
  ('LMS-FL67', 'Equipment', null, 'Noble Lift Electric Stacker IND231 C426316832', null, null, null, null, 'C426316832', null, 'LMS - Mall Lot', 'LMS-FL67', null, '2025-12-26', 'Operable', 0.0, 0.0, null, 0.0, null, null),
  ('LMS-FM07', 'Equipment', null, 'Bowie Hydro Mulcher H-1012Mulcher/Hydro Seederand parts Mulcher Bowie 450 45-136', null, null, '2024', null, 'H-1012Mulcher', null, 'LMS - Mall Lot', 'LMS-FM07', null, '2026-05-19', 'Operable', 0.0, 0.0, null, 0.0, null, null),
  ('LMS-TA74', 'Trailer', null, 'Nexhaul Trailer Enclosed Trailer Trailer Nexhaul N716TA/Bullet 564BE1624SR030918 TR8593', null, null, '2025', null, '564BE1624SR030918', 'TR8593', 'LMS - Mall Lot', 'LMS-TA74', null, '2026-05-07', 'Operable', 0.0, 0.0, null, 0.0, null, null),
  ('LMS-FL68', 'Forklift', null, 'Noble Lift Standing Forklift PSE26NSL-140 30240900211', null, null, null, null, 'PSE26NSL-140', null, 'Harmonwarehouse', 'LMS-FL68', null, '2026-03-29', 'Operable', 0.0, 0.0, null, 0.0, null, null),
  ('LMS-SS071', 'Skid Steer', null, 'Furd Skid Steer Loader Skid Steer FURD FDL-W460 FRD460JN250113001', 'Furd', 'Skid Steer Loader', null, null, 'FRD460JN250113001', null, 'P-306', 'LMS-SS071', null, '2026-05-07', 'Operable', 0.0, 0.0, null, 0.0, null, null),
  ('LMS-SCL03', 'Equipment', null, 'Noble Lift Scissor Lifts Scissor Lift Noble Lift SC1930EC-Li 91240800002', null, null, null, null, '91240800002', null, 'LMS - Mall Lot', 'LMS-SCL03', null, '2026-04-28', 'Operable', 0.0, 0.0, null, 0.0, null, null),
  ('LMS-SSM01', 'Silt Sock Machine', null, 'Stand Alone Hopper Silt Sock Machine MKB', null, null, null, null, null, null, 'LMS - Mall Lot', 'LMS-SSM01', null, '2026-04-04', 'Operable', 0.0, 0.0, null, 0.0, null, null),
  ('LMS-DT14', 'Dump Truck', 'Load Transport', 'Dump Truck Load Transport Dump truck 1W9102826JW172931 TR5521', null, null, '2020', null, '1W9102826JW172931', 'TR5521', 'LMS - Mall Lot', 'LMS-DT14', null, '2026-04-04', 'Operable', 0.0, 0.0, null, 0.0, null, null),
  ('LMS-FV109', 'Truck', null, '1994 Suzuki Carry Truck Vin#DC51B-300850 White Fleet Fleet Vehicle SUZUKI CARRY OR6176', null, null, '2021', null, 'DC51B-300850', null, 'LMS - Nursery', 'LMS-FV109', null, '2026-04-04', 'Out of Service', 0.0, 0.0, null, 0.0, null, null),
  ('LMS-FV95', 'Truck', null, '1994 Suzuki Carry Truck Vin#DC52T-213558 Fleet Fleet Vehicle SUZUKI CARRY PT7966', null, null, '2021', null, 'DC52T-213558', null, 'LMS - Mall Lot', 'LMS-FV95', null, '2026-04-03', 'For Repair', 0.0, 0.0, null, 0.0, null, null),
  ('LMS-FV96', 'Equipment', null, 'Daihatsu Atrai Fleet Fleet Vehicle Daihatsu TL6149', null, null, null, null, null, null, 'LMS - Mall Lot', 'LMS-FV96', null, '2026-04-03', 'For Repair', 0.0, 0.0, null, 0.0, null, null),
  ('LMS-FV97', 'Equipment', null, 'Honda Street Fleet Fleet Vehicle Honda Street HH31051344 BR3167', null, null, null, null, 'HH31051344', null, 'NIMITZ', 'LMS-FV97', null, '2026-04-03', 'Operable', 0.0, 0.0, null, 0.0, null, null),
  ('LMS-FV98', 'Equipment', null, 'Honda Street Fleet Fleet Vehicle Honda AH3338', null, null, null, null, null, null, 'Barrigadahousing', 'LMS-FV98', null, '2026-01-05', 'For Repair', 0.0, 0.0, null, 0.0, null, null),
  ('LMS-FV101', 'Truck', null, 'Ford Truck F150 Truck Ford F150 1FTMF1CM1EKF13032 YG206', 'Ford', 'Truck F150 Truck', null, null, '1FTMF1CM1EKF13032', null, 'LMS - Mall Lot', 'LMS-FV101', null, '2026-04-04', 'For Repair', 0.0, 0.0, null, 0.0, null, null),
  ('LMS-PS02', 'Equipment', null, 'Echo Pole Saw Forestry &Landscaping Tools Pole Saw PPF225 U68414023660', null, null, null, null, 'U68414023660', null, 'LMS - GWM', 'LMS-PS02', null, '2025-08-01', 'Operable', 0.0, 0.0, null, 0.0, null, null),
  ('LMS-FV102', 'Equipment', null, 'Ford Ranger Fleet Fleet Vehicle Ford Ranger 1FTKR1ED1BPA44289 AH1397', 'Ford', 'Ranger Fleet Fleet', '2011', null, '1FTKR1ED1BPA44289', null, 'Hilton', 'LMS-FV102', null, '2026-04-03', 'Operable', 0.0, 0.0, null, 0.0, null, null),
  ('LMS-LT23', 'Light Tower', 'Lighting & PowerEquipment', 'Mobile Solar Light Tower 2880W', null, null, '2025', null, 'MLJ1-11013-01', null, 'LMS - Mall Lot', 'LMS-LT23', null, '2026-04-06', 'Operable', 0.0, 0.0, null, 0.0, null, null),
  ('LMS-LT24', 'Light Tower', 'Lighting & PowerEquipment', 'Mobile Solar Light Tower 2880W', null, null, '2025', null, 'MLJ1-11013-01', null, 'LMS - Mall Lot', 'LMS-LT24', null, '2026-03-28', 'Operable', 0.0, 0.0, null, 0.0, null, null),
  ('LMS-LT25', 'Light Tower', 'Lighting & PowerEquipment', 'Mobile Solar Light Tower 2880W', null, null, '2025', null, 'MLJ1-11013-01', null, 'LMS - Mall Lot', 'LMS-LT25', null, '2026-03-28', 'Operable', 0.0, 0.0, null, 0.0, null, null),
  ('LMS-TC28', 'Equipment', null, 'Kubota Tractor M7040SU Tractor Kubota M7040SU 54122', null, null, null, null, null, null, 'LMS - Mall Lot', 'LMS-TC28', null, '2025-08-06', 'For Repair', 0.0, 0.0, null, 0.0, null, null),
  ('LMS-FV107', 'Truck', null, '1995 Suzuki Carry Mini Truck MT6 333', null, null, null, null, null, null, 'LMS - Mall Lot', 'LMS-FV107', null, '2025-09-02', 'Out of Service', 0.0, 0.0, null, 0.0, null, null),
  ('LMS-BU14', 'Truck', null, 'International Bucket Truck Bucket Truck 1HTMMAAP12H541704 3192CV', 'International', 'Bucket Truck Bucket', null, null, '1HTMMAAP12H541704', '3192CV', 'LMS - Mall Lot', 'LMS-BU14', null, '2026-02-26', 'For Repair', 0.0, 0.0, null, 0.0, null, null),
  ('LMS-FV108', 'Truck', null, '1995 Honda Acty Mini Truck YN6 073', null, null, null, null, null, null, 'LMS - Mall Lot', 'LMS-FV108', null, '2025-08-26', 'For Repair', 0.0, 0.0, null, 0.0, null, null),
  ('LMS-AT122', 'Attachment', 'Accessories andAttachments', 'Trench Bucket 36 inch Wide 1 of 2', null, null, null, null, 'andAttachments', null, 'LMS - AndersenHousing Phase7&8', 'LMS-AT122', null, '2025-08-01', 'Operable', 0.0, 0.0, null, 0.0, null, null),
  ('LMS-AT123', 'Attachment', 'Accessories andAttachments', 'Trench Bucket 24 inch Wide', null, null, null, null, 'andAttachments', null, 'LMS - AndersenHousing Phase7&8', 'LMS-AT123', null, '2025-09-05', 'Operable', 0.0, 0.0, null, 0.0, null, null),
  ('LMS-AT124', 'Attachment', 'Accessories andAttachments', 'Trench Bucket 54 inch Wide', null, null, null, null, 'andAttachments', null, 'LMS - Mall Lot', 'LMS-AT124', null, '2025-08-01', 'Operable', 0.0, 0.0, null, 0.0, null, null),
  ('LMS-AT125', 'Attachment', 'Accessories andAttachments', 'Rock Sieve Bucket -Screen Hole size 3Inch, 54 Inch Wide', null, null, null, null, 'andAttachments', null, 'LMS - AndersenHousing Phase7&8', 'LMS-AT125', null, '2025-08-01', 'Operable', 0.0, 0.0, null, 0.0, null, null),
  ('LMS-AT126', 'Attachment', 'Accessories andAttachments', 'Rotating Screen Bucket With BoltedHanger, MB Design, with Teet, ScreenHole Size 3/4', null, null, null, null, 'andAttachments', null, 'LMS - Mall Lot', 'LMS-AT126', null, '2025-08-26', 'Operable', 0.0, 0.0, null, 0.0, null, null),
  ('LMS-AT127', 'Compactor', 'Accessories andAttachments', 'Compactor Plate with Bolted Hanger', null, null, null, null, 'andAttachments', null, 'LMS - AndersenHousingReplacement 7 &8', 'LMS-AT127', null, '2025-08-26', 'Operable', 0.0, 0.0, null, 0.0, null, null),
  ('LMS-AT128', 'Compactor', 'Accessories andAttachments', 'Compactor Plate with Bolted Hanger', null, null, null, null, 'andAttachments', null, 'LMS - AndersenHousingReplacement 7 &8', 'LMS-AT128', null, '2025-09-12', 'Operable', 0.0, 0.0, null, 0.0, null, null),
  ('LMS-AT129', 'Attachment', 'Accessories andAttachments', 'Trench Bucket 36 inch Wide 2 of 2', null, null, null, null, 'andAttachments', null, 'LMS - AndersenHousing Phase7&8', 'LMS-AT129', null, '2026-04-20', 'Operable', 0.0, 0.0, null, 0.0, null, null);
commit;
